ID,x1,y1,z1,x2,y2,z2,x3,y3,z3,x4,y4,z4,x5,y5,z5,x6,y6,z6,x7,y7,z7,x8,y8,z8
3a,139.8249,146.5451,422.823,146.5581,159.1476,403.0874,163.2419,193.1713,425.6753,171.0626,166.4146,439.256,143.4852,143.9463,417.6719,157.4192,193.8217,441.3117,145.4513,164.8382,406.9475,172.915,156.3143,438.176
5a,142.3331,152.2993,413.2294,142.2225,152.525,392.2074,162.3725,186.2732,401.3311,168.6585,168.5798,419.4415,147.3045,146.2046,409.5663,163.9792,188.7448,407.5816,145.8282,171.2962,399.2124,169.0977,160.4695,423.1062
5b,208.6293,190.3086,381.1838,195.869,181.9526,371.853,179.6665,206.3907,388.1635,189.2538,192.7729,406.842,201.2634,179.2968,383.5983,177.852,211.9906,398.1371,199.1557,187.4628,371.9643,194.204,184.1418,408.3567
6a,184.3703,179.2946,395.1873,201.2509,174.632,382.4909,218.1201,195.5399,402.6091,206.82,181.9379,418.7852,188.2555,170.7689,394.559,216.7282,197.3133,409.2873,202.3258,185.2661,386.7432,204.3298,173.7471,417.7151
6b,223.5409,178.253,395.7633,201.1181,178.9279,386.377,192.6674,202.6483,406.8651,201.2639,190.0012,423.8687,208.2143,176.9073,390.4514,197.0121,204.4592,416.8168,208.0093,188.6251,386.2687,204.9075,176.2199,420.6939
7a,186.1893,173.3636,383.6679,199.0292,171.3672,371.2095,212.1929,200.6325,394.9251,202.8567,181.5881,412.5598,189.5262,165.2879,382.5432,210.3749,203.0948,398.4822,197.2056,180.4887,374.3848,199.5768,172.7464,412.658
7b,221.5392,169.7135,378.2744,210.8111,168.6837,369.2734,201.4372,200.6918,393.4749,209.0222,184.2915,409.7334,217.2661,163.1777,375.5565,205.786,204.5517,400.3195,214.9428,178.0658,370.381,213.94,170.5449,409.3404
16a,137.9332,154.1003,407.8285,148.3757,164.2919,377.7374,164.7534,192.0137,394.9002,168.1268,174.7895,415.066,140.8504,146.2591,404.2352,164.5223,194.0558,405.1968,145.2916,165.5779,379.8459,170.6299,162.3262,414.0007
16b,262.1411,155.6811,410.5652,254.0635,167.3463,381.9392,235.7012,198.1109,398.0508,230.6441,180.1564,416.3332,258.4678,152.9215,407.2578,234.0612,199.1738,407.0112,254.5187,180.7511,388.4413,229.8922,168.5322,416.25
17a,141.2833,154.0849,411.2728,151.1517,163.5038,389.3982,163.3257,195.2946,411.4002,170.4611,179.5489,428.888,143.4573,149.1803,411.132,161.7933,197.6778,414.8956,147.8804,170.0882,393.0794,173.0232,162.8825,425.8302
17b,226.9573,179.6675,394.354,208.3647,183.3322,379.5593,196.0444,214.4949,407.1668,203.1415,191.1281,419.6827,225.4314,175.035,394.9209,202.3913,219.2309,414.0529,212.1427,192.0944,380.9916,207.2647,181.5676,420.0516
19a,175.949,180.1455,412.2469,188.0391,185.7198,393.0658,210.3447,206.6641,411.8897,208.3528,185.5576,429.1292,176.8861,175.3241,410.6227,212.7229,208.7458,419.5881,185.9227,189.9295,395.6303,204.2608,177.1832,430.9007
19b,248.3129,167.5354,403.43,235.0954,171.3143,386.6576,221.7595,197.1681,401.8603,217.4736,182.977,424.0648,246.7051,162.844,404.5193,220.1516,203.5223,414.688,237.4829,178.9842,388.6041,219.7713,172.3399,425.0239
20a,171.2025,174.5562,419.1933,176.6986,176.6667,392.6194,199.6315,194.7174,402.6768,202.6131,183.9299,423.1636,171.7105,167.1436,416.7855,206.4,201.323,411.3002,177.9487,185.846,395.9099,198.6448,174.6246,425.1602
20b,237.5719,179.7577,422.5336,226.4501,185.695,399.5815,205.4346,206.8098,417.696,203.7836,192.6972,435.5005,235.0635,173.489,418.0377,201.3725,211.2677,431.9426,226.5087,195.0771,404.1841,209.2635,178.5365,433.6548
21a,179.3929,164.4113,422.9427,197.4241,175.3612,401.1727,213.2479,188.3026,415.754,210.7499,168.1626,431.4104,179.8118,157.6575,422.1792,215.2473,189.3496,420.316,199.803,180.7571,405.5368,207.3941,161.3739,431.1458
21b,238.9797,151.1096,426.7825,221.8584,163.8364,405.4435,209.7738,182.7959,420.6036,208.5352,164.3125,439.0842,236.0788,147.2446,421.2277,210.5069,183.3599,431.4849,223.1693,173.028,408.8029,210.5291,151.4515,437.0046
28a,170.7464,172.8267,394.7676,177.4753,174.7825,371.7714,192.4367,196.649,382.4714,194.799,183.9116,404.1812,170.9876,169.8705,381.4591,194.4271,201.9776,386.9915,177.4482,183.0758,374.4213,194.4228,178.3203,404.6159
28b,240.1631,171.0924,391.4515,225.646,169.7624,368.9009,215.9489,193.7115,380.1538,215.8929,185.0921,402.3966,235.9704,167.1961,379.9336,214.2009,203.2298,390.7891,229.9843,179.4726,372.3397,216.4064,175.7959,404.7726
31a,226.4393,190.1117,433.4734,230.4596,184.5377,409.1345,262.099,196.1719,422.5555,259.8665,181.1206,440.4318,222.4275,185.1283,430.7107,263.2156,197.8812,424.5655,235.546,194.6192,414.2511,249.2377,168.5381,438.6096
31b,242.3338,179.9539,406.5147,222.7656,180.7937,392.3311,209.8297,205.3363,417.7329,216.5208,185.9775,433.2323,233.306,173.3961,400.8838,215.2016,207.9847,422.9577,225.5944,190.3912,397.2907,218.1566,172.972,429.7715
32a,155.4864,165.9967,413.3056,158.9571,170.3653,391.4781,180.9313,189.6844,399.9463,185.1849,176.2391,421.2657,157.3266,157.6906,412.7262,185.5496,196.0038,407.4599,159.3952,176.7323,393.751,183.3456,162.9035,423.2533
32b,246.1199,172.3495,411.6236,238.6838,176.8155,388.7014,214.1607,198.9769,400.1943,212.2953,185.1465,420.8452,242.2003,167.0569,410.5796,210.5538,204.7481,409.8641,236.1285,188.5565,393.291,215.5045,172.2598,420.7413
33a,143.1417,167.1995,408.9409,148.406,169.0755,391.2162,166.8709,197.6178,407.4929,173.3082,184.2359,423.6518,147.5583,156.4223,408.6509,168.9418,203.1495,412.189,147.6552,176.3836,394.6776,174.8239,167.6441,423.9506
33b,240.3522,158.7165,384.2106,227.9812,163.8601,373.3079,214.8441,193.911,393.8096,213.8853,180.7462,411.1999,235.912,152.6106,386.9819,216.0972,198.3929,402.5625,228.9733,172.5202,375.6968,216.3726,164.8202,413.423
36b,244.9943,160.3005,386.1342,231.1895,171.1792,375.771,220.7018,200.0628,404.3226,225.8615,185.904,419.9649,242.5472,155.897,388.1319,225.2966,201.2637,412.0623,234.9338,178.0679,377.425,226.5984,167.7171,415.849
37a,182.9603,187.0826,398.2325,195.3324,196.5729,384.7623,207.6274,216.9442,410.2039,195.9729,196.6468,431.0545,187.41,188.3184,390.0745,202.2016,218.7964,415.2461,193.5757,202.9845,388.4996,191.9962,181.7584,427.7293
37b,242.0314,183.1457,403.4374,225.9399,194.5202,389.0918,222.8145,212.3678,418.9721,227.9494,192.6702,435.5276,233.2247,186.0513,395.0312,225.1394,215.2568,428.0953,229.4697,202.1814,394.3874,228.4803,177.8011,432.9496
38a,156.9851,177.6476,394.2597,161.4815,175.8456,374.0549,189.0759,205.1895,382.7445,191.1046,190.3806,404.8973,157.1669,169.4627,387.9773,193.8571,211.4182,390.7604,162.596,179.8252,374.5291,184.4914,176.5523,408.4581
38b,204.6043,190.1866,391.463,195.767,191.4955,370.18,164.4807,216.1246,388.8617,176.0105,196.1136,405.5695,203.9377,183.9106,382.9138,163.3968,218.8228,395.5388,197.427,195.5733,370.7562,185.7115,184.6826,408.9783
39a,127.8858,158.8577,423.0553,128.6204,163.6512,398.7246,148.7632,195.5237,412.4638,156.5889,177.9242,431.2411,127.3957,152.0781,412.1699,154.1812,200.599,418.3609,126.4355,170.2942,400.9604,155.3985,163.3445,432.1064
39b,220.4449,192.1542,387.2987,204.5658,195.0023,372.1365,185.7313,220.3037,402.904,197.6625,200.8813,416.6294,214.8753,184.7948,381.8725,188.209,223.0344,407.3896,207.7301,199.753,373.25,201.8058,187.7119,415.2322
42a,173.636,154.0585,408.8318,172.5947,155.5121,391.4273,198.0589,178.1241,400.777,199.063,164.8345,418.1096,172.9701,149.4192,402.6534,201.3853,181.5586,405.0633,177.9647,160.5606,391.5341,195.3878,153.8464,419.6518
42b,221.0479,173.1367,405.8151,207.6281,176.9533,395.2486,193.0327,193.737,411.2311,195.4915,178.2537,426.5587,217.9629,168.0424,405.1579,188.0997,199.1288,422.7942,210.9275,179.4645,395.9549,201.1147,165.3234,427.2887
43a,146.5361,162.1471,397.5768,158.6667,167.2958,374.738,183.2258,197.3287,394.8863,179.7595,177.9477,409.3701,148.4913,153.8975,396.213,181.6697,198.9661,400.3588,158.698,179.037,380.1545,178.1186,166.5202,410.5677
43b,250.8051,156.008,385.51,232.3792,157.3766,366.8071,219.7328,187.353,386.5573,221.1897,169.8377,405.2068,245.9454,146.8074,386.5923,221.3678,192.4922,397.7725,235.0744,167.7108,370.1249,220.8542,156.5568,406.8113
44a,124.5536,163.5785,400.9452,139.6802,165.6259,376.7449,147.6448,193.9983,391.6357,153.3785,177.7986,416.6812,132.8485,155.0493,390.0276,145.5741,198.3925,398.2986,133.67,170.3253,379.3315,154.1843,169.3679,418.3972
44b,225.4048,180.3311,397.0122,205.6768,182.1538,374.8125,185.4766,203.7947,392.8825,188.2793,188.8662,416.1166,215.428,175.1548,384.1097,185.318,207.8727,403.7701,204.2993,187.1303,376.9015,195.8049,169.2879,419.2681
46a,152.5322,173.2262,424.4464,155.4191,178.9253,403.8676,175.1298,197.9913,416.7542,181.8392,179.2261,435.7769,154.3257,167.4794,416.0032,182.8855,201.328,428.081,158.2547,182.9221,406.1082,180.8722,170.9091,435.2917
46b,215.7722,181.7572,394.4394,202.1777,184.4647,379.5629,183.6484,202.1343,400.2248,189.9202,185.1753,420.7576,210.8306,173.6384,392.2639,184.2736,203.2509,415.7497,204.5652,187.6131,381.5009,195.3593,171.2395,420.0475
47a,175.8292,158.8279,402.2423,186.9523,160.6753,385.103,202.8432,181.5921,402.0794,199.8115,162.5198,417.8136,177.3949,149.9196,399.0414,206.2344,185.3633,409.1653,189.361,165.9422,387.2538,199.7445,156.1353,418.0894
47b,232.4578,161.5592,405.6118,222.5876,161.5359,388.689,203.2468,183.2059,405.2532,207.6908,166.7741,419.4086,226.9078,155.1147,397.4208,200.9019,188.2568,414.283,221.042,168.4392,390.6672,208.0558,159.8754,419.4278
48a,151.0692,153.4644,413.9556,149.4827,163.9122,393.1159,169.8606,184.057,398.8008,177.7396,168.6902,425.3318,152.8779,150.8518,411.7038,177.7507,188.5067,412.7434,152.2802,170.4263,393.4825,176.0579,157.6306,426.942
48b,202.7582,178.7289,397.674,184.2057,186.5382,381.4762,167.4359,200.2888,402.7466,180.7741,184.6754,424.3092,200.4704,174.6393,396.8626,169.3177,201.1282,414.1189,182.8357,189.0818,381.6902,189.0708,174.8142,422.561
49a,203.7438,184.4332,410.9358,208.522,186.591,390.077,236.1833,202.8408,405.5272,234.5955,183.1508,426.133,201.3352,179.0296,403.2818,240.9227,203.3306,413.7447,214.6818,192.5465,394.0936,226.9313,173.7125,426.407
49b,241.7769,188.7641,401.1008,225.9538,195.8053,387.2141,215.5114,218.0771,411.9941,221.8255,198.0615,430.7123,236.0068,184.717,393.9398,218.9691,218.5775,425.8771,227.9494,200.6262,388.1579,224.1538,189.6145,427.389
51a,154.9184,188.3499,402.8784,166.0063,201.0477,383.4181,181.1641,218.8763,399.4102,181.4139,197.3409,421.418,157.8683,183.481,399.6542,184.1446,220.0705,410.7169,165.5392,204.7241,386.6001,179.1946,186.2341,420.6823
51b,206.8616,197.403,394.2342,186.2745,198.1882,377.5404,166.3906,211.3396,393.9273,175.6939,198.7408,418.4111,204.1531,186.569,394.1584,166.3032,214.7085,407.6776,185.7549,202.6449,380.1698,184.6775,186.9934,417.6069
52a,165.5675,170.8817,401.459,178.8208,173.7658,380.6102,193.3661,200.9309,398.4366,191.7293,180.8788,416.2518,169.7328,161.9914,398.0714,193.1914,204.0344,402.8633,176.0191,179.6877,382.7609,189.8289,172.7591,418.2263
52b,209.5102,181.5149,397.4004,190.8158,182.5312,379.8103,173.437,203.4117,400.3212,181.8725,187.8126,419.5626,201.7672,173.9238,387.9696,176.4061,208.0522,407.4076,194.4369,197.6965,388.2956,187.3997,177.6438,418.3527
53a,186.7583,201.3426,406.7465,197.4493,191.2027,383.3052,221.7777,216.1352,401.4784,220.4388,200.5223,421.0004,192.1862,188.4545,396.7361,224.1974,219.6374,409.7884,197.2442,201.7342,386.2811,213.8972,188.0348,421.652
53b,236.5335,182.7916,397.7582,230.0618,173.4692,376.6099,206.2545,202.951,390.1537,204.1785,187.757,411.2512,230.7278,168.2299,392.791,203.7651,207.6832,398.0891,227.354,186.6027,382.0013,204.8778,181.1975,410.74
55a,177.491,194.1248,404.3053,192.9732,202.8589,383.2479,212.8417,225.6886,401.1685,210.7363,204.205,419.7191,179.0597,184.7864,403.7052,215.8965,230.5408,411.8035,193.582,208.0319,385.1606,207.1544,194.3853,420.1228
55b,254.5188,161.5906,400.5679,241.1333,167.6406,375.7222,224.5484,198.9773,390.8098,221.5267,179.7415,410.8599,250.2693,153.8993,397.4883,221.1136,205.5174,402.3423,241.4462,174.5338,377.3659,224.4687,169.5476,412.5211
56a,182.2104,162.9196,411.7574,193.3734,168.2375,392.8427,211.7309,184.7497,405.3425,210.6337,170.5008,424.8217,181.5244,159.6467,411.3712,217.2442,187.9485,414.058,193.773,173.3143,395.2409,206.4805,162.4622,424.4978
56b,197.9752,166.6623,397.3343,181.1093,169.2755,383.2509,160.9194,184.7341,400.6052,170.5336,172.1211,416.4777,196.7565,163.5112,396.9905,159.8695,187.9037,408.6536,177.2004,178.0116,388.3096,178.6744,160.5164,417.2728
58a,157.5907,149.6974,414.8316,161.5701,151.433,392.8983,181.1436,175.2936,400.0539,189.7246,162.1971,421.9494,160.5181,141.4055,412.5707,186.392,180.7534,407.0318,163.7624,158.1256,394.5071,185.1101,151.4198,424.8367
58b,237.7933,159.5155,406.7781,219.4828,162.7224,388.5844,208.9327,187.6423,404.6889,208.5851,172.786,424.1163,234.1852,153.4367,404.446,208.2309,191.4168,413.7243,221.246,169.5857,391.8618,212.8899,159.3587,427.9696
62a,169.8872,156.7188,430.5569,166.0327,164.1735,408.5249,186.2807,182.8011,412.5994,199.4742,167.5214,433.3076,171.7523,146.8826,428.8331,195.3037,185.5061,421.6301,169.4571,171.6245,410.0543,195.6699,156.0998,436.7614
62b,239.9447,156.614,415.1575,234.7069,166.0162,387.5119,216.6373,184.9345,399.6935,210.2657,169.0182,422.0427,235.2307,149.2329,411.9387,213.6719,186.3936,406.868,236.308,169.1161,388.903,213.0352,159.0212,423.8522
63a,136.8615,145.5464,406.3987,148.3806,149.4995,384.8469,164.864,184.1408,402.9276,164.7072,164.9778,416.7639,141.2305,139.2444,400.5807,168.9961,185.7575,412.2214,143.5371,156.1895,387.8698,165.9017,152.653,417.756
63b,210.2388,168.2496,412.8255,200.2004,171.3123,391.3554,171.0478,188.3205,412.2421,177.1835,170.3596,424.7093,208.3065,161.8992,405.4617,171.1114,189.0273,421.0005,202.2523,175.3892,392.4425,183.3945,156.9107,424.4347
65a,184.1405,170.2462,400.3864,196.5339,179.7883,373.396,216.2455,199.8528,387.5268,212.8493,185.9048,405.1706,183.2285,162.6161,398.6433,218.8214,202.1783,391.8127,198.9666,190.0542,377.4117,207.4707,175.1638,407.4697
65b,240.3311,162.1368,398.846,227.0126,164.1064,374.7164,204.7915,190.1567,390.3555,207.469,176.4398,408.5529,240.1833,156.8495,396.6003,204.2281,192.4396,398.3778,228.2627,170.7943,376.7885,211.507,161.8811,410.7506
66a,163.5944,195.398,393.8566,178.3716,194.6707,371.5816,202.303,219.636,387.0368,197.8209,205.3894,406.2595,164.7684,186.7123,392.8408,200.0587,223.9656,390.7947,179.4659,206.0932,375.6793,191.277,193.2995,408.0656
66b,267.0049,162.9002,391.2628,252.3022,166.1422,366.1183,234.1939,199.4929,378.0798,234.3533,184.9662,396.6329,262.003,157.0913,388.7827,235.6019,201.2917,378.9767,255.1759,179.9568,369.7336,235.5726,170.9221,400.2806
67a,153.9384,163.3603,416.249,155.9392,168.3302,395.2986,179.7531,194.8032,407.0504,182.0015,174.5941,424.3434,153.6953,159.0458,409.5142,183.1769,198.8962,414.4767,156.9294,174.1305,397.1458,180.0344,161.604,426.8263
67b,261.7394,153.4299,413.4889,257.9893,159.4754,390.3008,241.2487,189.7453,402.3621,234.175,174.7233,420.9753,259.0057,150.2037,405.5121,237.5511,194.3439,409.799,256.8481,165.2856,391.8213,235.8011,158.8174,421.4254
68a,156.5084,158.4393,391.3401,171.0017,157.3627,371.728,186.3371,186.429,386.3125,190.0767,173.2765,409.7794,160.4633,150.4629,394.4684,184.1649,192.2554,392.2236,167.4084,163.2189,373.6136,187.668,159.99,412.3749
68b,242.8803,158.5046,395.3848,233.9707,153.1869,375.4121,213.1911,184.4837,384.6294,205.285,173.9092,409.3332,239.9306,150.2651,393.9623,209.9704,190.7031,394.467,233.2733,168.0646,378.7909,209.3498,158.5249,409.649
69b,225.2076,174.3987,393.2939,202.1775,177.1702,384.5503,195.3602,199.9153,406.662,204.779,186.4892,422.9628,223.258,170.1432,393.8105,199.8177,206.048,412.2613,206.0316,181.6195,383.705,207.9418,171.7553,423.2525
72a,183.7214,165.7926,414.1165,190.2039,166.3063,394.63,212.7755,191.5211,410.8981,214.3912,174.7396,425.9392,185.1104,160.8769,409.0217,212.3443,194.7199,416.7893,190.6092,173.6252,397.529,209.4793,163.0489,427.9138
72b,252.5053,151.9491,407.1769,241.2801,153.1427,386.9344,231.0064,185.7801,402.7992,227.0104,171.2163,416.5945,248.7693,147.3361,403.4604,230.3837,190.1751,409.6286,245.3232,161.721,389.8869,228.0583,156.6026,420.3276
74a,160.9966,156.0979,431.2436,160.6304,163.4316,408.4606,181.3806,185.0472,411.8808,188.958,170.2472,426.3799,160.9178,152.5638,429.7486,191.8244,186.3361,421.7672,167.0153,171.2844,404.1228,187.2099,158.3723,430.6341
74b,277.2889,137.0547,423.7567,275.4914,142.6942,393.7401,263.7372,167.9227,396.5534,253.783,159.6841,414.5775,275.5807,133.7881,420.2744,256.1835,173.5363,409.7498,272.1687,150.0522,392.7146,252.8195,146.8466,420.4073
77b,204.0358,168.3539,398.3137,194.6947,175.879,378.4832,161.0445,195.3156,400.9844,170.146,180.0461,421.8496,202.2413,164.5067,396.6483,165.3947,196.4755,407.5973,193.2692,181.799,380.5331,177.5021,167.5538,420.4046
80a,114.3596,157.1574,405.2354,114.3215,160.2863,376.6866,129.7649,200.7273,384.0584,144.6127,191.8032,406.123,115.6484,152.8757,403.3159,132.0092,204.7987,388.4153,112.6355,170.1013,378.7748,143.7983,172.2004,408.1668
80b,278.0716,147.825,392.3855,273.8218,154.8474,363.8039,258.6682,192.8112,371.6153,248.4642,186.0424,396.1613,276.0145,145.1782,390.4995,257.6806,199.4605,378.882,277.9993,163.9229,365.7442,245.5672,164.732,402.207
81a,179.6577,183.5712,406.1281,188.9828,184.6661,385.2067,211.6658,203.2789,397.4745,216.693,192.4082,422.2092,179.6555,177.1482,403.7781,215.7171,208.8274,405.3902,190.8054,193.4543,389.2121,206.275,176.5812,420.1199
81b,258.9136,147.244,396.1469,250.4156,148.0226,375.5049,236.4455,177.8106,385.4335,228.9085,168.5814,407.9592,256.0529,141.1085,396.1777,235.4109,188.2495,398.0865,251.182,159.1524,377.4152,227.8514,150.0732,410.6553
83a,121.3369,155.5276,425.9511,118.7676,161.2711,407.1672,129.9629,188.6471,413.6348,145.3567,177.1866,429.37,122.0501,150.9309,418.8014,132.768,196.1495,420.0942,120.5006,168.6055,409.4368,147.202,167.7296,430.4247
83b,269.6122,156.5674,430.2339,273.1546,163.1083,409.0483,258.6968,187.3885,416.4392,243.9166,175.8881,432.5969,265.4934,150.5742,421.9565,254.5026,194.6758,422.8992,269.0265,169.0287,412.9148,242.2659,164.3066,433.2853
84a,150.2997,170.9648,431.9326,158.9755,176.1436,407.5681,173.1604,201.0624,423.7399,181.3486,180.8153,439.9241,153.8487,162.7984,427.9523,179.1757,205.4549,432.3376,155.9195,183.8189,413.7031,180.4954,172.7631,438.9686
84b,247.8531,169.3232,421.3941,239.8047,173.2413,398.8449,221.4185,202.4302,416.5105,218.8389,184.0235,432.8759,245.8874,165.2339,416.9549,219.3611,205.056,425.6165,241.0015,182.0685,402.5627,218.5107,169.1846,431.185
85a,149.6618,148.4381,393.3698,158.4451,154.5543,374.2456,179.313,180.3177,384.7085,179.9498,165.0185,406.268,150.5751,143.3015,394.856,179.5186,181.6147,385.4097,157.6373,157.4558,374.946,176.4644,153.4458,407.8136
85b,235.6165,171.4748,395.5867,225.0602,171.7398,377.7362,199.5422,195.6587,391.0937,200.5141,182.4437,410.9288,232.0802,161.9483,399.8012,198.8156,198.8072,395.6371,225.7723,178.1378,380.8154,209.0139,162.9302,414.1505
86a,185.0476,162.4819,404.9215,197.0516,164.4436,385.7451,215.7798,181.6498,400.1579,212.7111,159.9303,421.5012,184.509,155.634,403.2703,219.5348,181.9783,405.9889,198.512,166.7021,387.7224,208.8432,152.5938,423.728
87a,135.5633,154.1391,404.2192,143.6706,161.9574,383.4595,163.213,189.5647,393.8555,167.5974,176.1269,410.4597,138.7904,147.8649,403.9626,161.5775,193.4839,398.7707,140.3554,166.6067,387.4244,169.3684,162.4401,412.4386
87b,251.0323,167.1364,407.8206,244.1545,168.0225,386.0441,221.3421,195.9978,393.7467,216.0825,181.4447,411.2509,248.9573,158.8499,407.9504,218.765,201.6599,400.9644,245.2856,175.1492,388.2268,219.1688,167.6754,414.5918
89a,146.4177,148.3939,407.2879,154.415,154.3299,382.0649,163.7086,182.4092,395.4308,166.4097,168.3637,411.2955,147.8582,143.6238,406.3472,166.4933,187.1297,402.6314,153.2557,162.3822,385.5595,165.9247,159.478,413.2471
93a,162.6683,168.717,420.0336,164.2689,169.5868,402.1173,189.3808,185.2051,410.6404,194.3468,172.9013,430.4953,168.9502,152.3758,417.5981,191.4329,189.9554,422.6809,166.7481,173.6289,404.0625,191.009,159.382,430.4435
94a,145.3272,141.438,398.0293,158.2556,141.0628,376.0632,161.5848,170.7576,384.7487,171.0874,161.7117,405.7627,150.5254,134.7957,399.9397,162.8404,176.9388,392.5313,147.4615,151.0505,378.4939,173.0968,148.3485,413.5555
94b,216.8319,168.553,406.082,206.8131,166.31,383.3948,185.8136,188.9416,395.0888,183.2997,175.4326,414.1686,217.6508,162.8514,403.5956,182.664,192.8396,404.105,207.6579,176.5055,386.2174,186.8058,166.9244,415.8557
100a,122.058,170.7423,403.0507,125.128,174.4454,375.5805,142.439,215.7482,387.5766,151.5618,197.6731,404.3361,126.3522,165.5458,401.3111,147.0481,219.8346,395.4137,124.3654,182.0426,377.6368,153.439,182.6996,407.6151
100b,301.4594,149.1112,407.4491,302.0195,151.5371,380.2243,290.3363,194.5012,392.7144,276.8037,180.0073,408.2557,298.0269,140.6385,405.9491,286.1418,199.3737,400.3724,304.298,161.1135,384.373,273.449,165.5456,409.9605
102a,182.7599,174.139,407.5438,189.6962,176.0677,385.2936,213.4723,193.0519,398.4414,210.2957,179.0431,414.7413,182.1653,166.9487,405.9768,218.716,195.5252,406.4348,192.1676,181.0098,387.0778,206.8356,170.4781,417.3094
102b,247.9272,161.6309,410.4192,243.0534,164.1329,387.7593,224.6254,189.2179,403.286,222.9412,175.424,417.6707,245.4514,151.6852,408.8386,221.7606,192.2582,411.6805,241.455,169.8284,389.5579,224.0985,165.7828,418.8672
106b,243.9282,153.6955,392.1624,237.729,159.7108,371.444,219.5752,186.8826,385.6124,218.5074,165.3604,401.9959,240.9448,147.6433,390.2121,217.9095,190.2585,394.0446,237.7665,168.6641,372.9701,217.9557,162.7404,403.1706
108a,169.5553,179.4476,392.7103,190.3032,180.296,376.0977,199.1945,207.905,399.1026,191.1796,184.57,419.8551,176.5997,171.8614,389.653,198.1493,208.6684,409.9738,192.1442,187.8233,380.1689,190.1755,172.5008,420.558
108b,232.9393,170.8899,379.2991,214.1326,170.0262,365.6211,204.4616,199.5998,386.841,213.9977,181.3995,409.3641,226.9857,163.9387,373.7657,209.1567,202.2816,399.6033,216.2968,175.8573,366.7237,215.3228,168.5829,411.0701
112a,169.8571,158.4865,397.6646,181.0027,159.8362,378.6827,198.7584,182.0711,391.0482,201.0827,169.8426,410.6786,173.8575,150.9269,398.2527,205.2165,187.482,400.7828,182.4953,163.5712,380.4861,196.9895,155.6056,414.6089
112b,211.0683,168.3908,410.6186,200.5751,171.1085,389.9041,180.0561,190.9733,403.4529,180.3533,177.5553,419.9731,210.5416,162.689,408.0994,176.5101,195.1442,414.2532,201.374,176.4421,393.5974,184.4527,164.6555,421.9571
113a,183.3986,184.3978,402.4233,196.5162,186.7831,377.7087,217.0376,213.6487,396.6248,215.556,195.2334,414.2072,186.3393,175.9746,393.3593,218.8163,216.5038,403.9523,200.0434,198.9521,385.203,211.7226,182.9294,414.6239
113b,207.2823,178.0019,398.0727,197.2046,177.942,372.014,175.9044,207.3289,390.9049,176.311,187.7802,406.5612,204.542,171.3924,385.1507,175.3237,210.9825,401.2578,198.1174,185.6039,374.3921,179.2081,175.0117,408.3481
118a,143.5446,162.9662,404.6424,148.6466,158.5089,376.6422,169.91,188.1745,387.9867,171.8817,168.0971,405.8336,145.2,144.6214,400.6898,172.0028,190.9526,392.4717,145.5668,165.8128,380.8522,171.0385,163.248,407.3021
118b,256.1725,148.6344,400.2644,248.3466,150.3588,374.4702,228.2621,180.3452,383.5005,224.2145,163.5487,401.9905,254.4973,140.0957,398.0791,226.5485,182.7234,385.7854,251.0211,159.4345,378.3708,226.7994,151.2225,405.8895
119a,169.2001,179.6914,402.175,177.5991,181.5918,387.1314,199.1892,203.093,398.6416,198.9583,186.4405,414.2897,173.6255,170.8435,401.5674,197.8439,204.0706,399.8756,178.7876,191.1383,390.0417,196.0069,178.7999,416.4787
120a,141.4309,165.3843,410.7923,146.2404,172.726,387.9956,165.1479,195.6607,397.1124,173.4622,177.7445,418.6683,142.6103,156.8776,409.5432,171.4523,201.4629,405.9167,145.5016,177.9008,390.7712,172.8093,167.8157,421.1873
120b,246.4723,169.8512,411.3768,239.5883,177.5282,387.0898,222.0917,201.6401,399.2838,215.1182,184.4489,418.2504,246.1077,163.97,409.2823,215.1095,207.3913,407.0588,241.476,181.3543,389.45,215.5427,175.2383,419.8893
123a,150.0752,183.0264,425.417,152.2664,194.0148,405.757,174.9144,212.3211,416.1331,184.1008,200.855,438.2971,151.1518,177.4445,424.6947,178.5723,217.6089,423.6364,153.7296,195.7605,406.2544,180.8687,183.9691,436.808
123b,254.6013,178.3696,420.0677,250.8606,188.0108,396.748,231.6923,209.0419,408.7077,224.2441,198.0676,429.5118,256.0409,174.7092,409.5392,225.7696,213.3766,417.388,251.8521,188.6729,397.2603,227.2717,180.7679,430.3954
124a,152.474,167.5909,406.7089,164.4279,178.7777,386.0129,171.9392,202.8556,400.5444,178.8164,187.946,420.154,153.9157,163.5757,405.6709,176.6285,208.3721,412.0463,164.0198,187.5501,388.4333,177.0259,173.5058,419.7539
126a,158.7383,168.0933,413.8236,167.4144,170.896,390.8835,186.0754,194.3071,402.8135,189.8984,181.4458,422.4653,159.0765,163.6495,412.4519,189.9916,198.7911,409.6988,165.6604,177.1904,393.3403,186.6054,171.2499,423.3752
126b,233.4113,171.4302,413.231,223.7121,176.3741,391.3809,205.701,197.5551,405.7116,203.1504,183.1595,423.731,231.8512,165.4623,411.3758,201.132,202.1976,414.5389,225.7259,180.2064,393.752,205.7964,170.7267,424.4464
128b,293.3535,145.0979,395.247,285.6841,144.7668,376.8177,279.9565,176.3225,391.404,273.1221,160.2386,415.2559,282.6356,132.0126,390.8216,281.4759,182.3832,400.6586,287.0208,152.5278,379.1702,268.2933,152.0424,415.2961
132b,232.8278,159.8574,414.1453,233.7465,167.4595,392.1324,213.9936,192.4985,403.0524,208.3545,175.5467,424.3819,233.0816,157.7732,409.6281,210.4899,193.2162,409.8927,233.2222,176.8323,391.9076,210.8362,162.5138,427.306
134a,154.5798,153.9681,421.0877,157.5746,159.5873,405.0277,176.0333,183.2568,415.4802,183.0226,163.877,430.8563,155.2858,150.8391,420.7276,180.9209,181.7802,422.4093,159.44,163.1859,405.1385,183.1741,159.9055,431.2466
134b,247.5267,145.209,417.3094,243.4974,150.7715,400.1964,226.7825,173.8365,406.6447,217.8331,161.4632,428.1943,246.6564,143.8089,415.936,221.8881,175.826,419.0081,240.9014,158.7076,401.3528,218.4877,147.1154,428.8107
137a,151.7096,168.6168,400.1455,168.205,179.3463,376.7031,177.1345,202.5936,394.5163,179.7693,185.3932,413.2946,154.6827,160.7368,397.3539,179.3883,208.7639,404.3914,164.384,182.1063,378.0066,177.4674,173.3174,416.2754
137b,239.2982,174.1547,404.8169,225.0717,182.3247,380.8712,212.399,206.6419,399.0974,208.6613,189.9071,417.6619,237.1169,165.7825,402.2419,210.0785,212.5372,410.101,229.3396,185.7876,382.5395,210.9126,179.945,418.5658
140a,151.711,162.3971,424.4448,156.2777,169.5618,406.8613,172.1638,191.6194,420.7847,177.4084,171.7448,436.7606,154.6677,154.3552,424.6429,178.6105,193.6893,431.57,155.4681,170.9655,407.77,177.6328,165.9181,437.1702
140b,243.1826,150.3475,416.6133,239.2823,158.4352,395.1287,224.5123,182.6545,409.2831,216.5936,168.0016,427.5448,242.35,148.0331,415.0538,217.5132,184.5972,420.4439,241.7091,161.8333,396.381,218.8616,157.73,427.6839
142a,158.6556,163.5757,413.9045,161.6827,158.2258,393.3869,176.9754,181.5898,401.4196,184.3245,160.9726,422.2826,162.4154,149.1215,417.7565,184.6859,182.5715,410.8297,159.8087,165.522,396.6727,182.8396,155.8384,424.9424
142b,241.7375,164.8526,411.4761,235.8677,161.987,395.6721,220.6603,183.753,404.1753,212.9633,162.8941,424.8448,234.7237,148.7548,419.3488,213.2837,184.9644,413.6687,236.0909,167.626,396.6478,214.1325,155.7173,425.3814
143a,129.1014,146.8376,402.1498,136.6715,149.9496,373.8165,148.8902,182.0501,388.0602,154.5268,169.4231,404.5243,132.1297,137.8043,399.5078,151.6176,185.5015,392.6668,132.4161,154.7371,375.7107,154.2058,155.223,406.9218
143b,252.4998,149.563,404.1157,246.9209,151.034,375.8269,224.9719,181.8771,387.0417,222.1366,167.141,403.4197,250.8617,139.5815,400.9688,224.4546,183.5822,390.184,248.1135,159.1821,378.6652,223.334,155.0838,407.1215
145a,169.3692,166.379,414.5447,175.096,170.3205,395.1759,201.5457,192.0223,405.7908,204.0699,173.515,423.1571,168.425,161.9451,414.8944,205.2673,194.5271,408.5801,182.6831,178.755,397.6376,199.763,162.8838,426.3493
145b,246.6045,145.8472,402.5516,239.4885,149.666,381.0428,219.9898,179.994,390.7922,212.1398,171.758,410.6659,244.3802,140.8596,403.4196,218.102,183.9618,396.3387,236.5914,155.8574,381.6018,216.6904,152.1973,415.2624
147a,150.3371,153.3018,392.3647,156.2215,155.2245,374.6596,170.3013,183.5414,381.5808,179.7306,169.6253,401.2151,153.6732,145.4559,391.931,172.9362,188.3589,383.5057,154.3599,161.8039,376.982,179.4944,160.3788,406.1684
151a,135.9945,157.6812,410.9262,141.1262,159.2668,386.793,159.2125,193.907,399.8666,164.644,177.1259,413.076,137.1426,152.3612,410.791,162.141,196.8396,404.4839,139.4012,166.6713,389.7216,164.9337,166.8478,416.0301
151b,235.2778,156.1184,406.9732,224.2671,153.3693,380.0858,204.4994,186.5851,391.2263,201.3399,173.0406,408.0683,233.404,149.3689,406.1777,201.869,189.4992,397.0736,227.1514,161.266,381.2344,205.4128,155.2845,413.6449
153a,122.0955,156.9848,425.953,121.9879,165.5968,407.2488,133.573,200.4725,424.5333,145.5646,179.6474,433.7771,125.3812,154.1519,424.831,132.9058,201.9378,426.0822,119.5133,171.1666,411.1671,146.1087,179.2063,433.5525
153b,250.2774,170.8537,434.2148,246.5753,182.6904,413.5542,233.1317,211.9848,436.3888,226.1172,189.5849,442.848,244.5301,163.7113,428.6801,232.2043,212.4803,438.4176,249.0077,187.0833,416.0351,226.1744,176.4113,442.5413
154a,141.7984,142.4738,396.5564,148.3007,137.8966,370.0283,159.9353,173.7079,377.2702,167.4129,159.94,396.6712,146.4543,129.9773,393.4919,163.2765,177.0817,381.85,145.5461,154.3978,375.8021,167.1761,148.7402,399.1768
154b,257.7973,148.0607,404.1043,253.632,141.0652,377.5579,238.3297,174.8603,383.6297,231.0216,160.0382,402.8656,254.3756,134.533,401.2274,233.7825,178.6335,388.8852,257.0957,147.2249,381.4212,231.0493,147.1127,406.0422
156a,164.0209,153.875,393.6731,169.9613,159.8832,379.5878,185.4444,178.7969,390.0975,186.854,165.0611,408.9342,163.7424,144.8832,397.9637,187.2787,179.8451,392.5851,169.4737,160.2379,379.4736,185.0747,152.2583,413.372
156b,231.8893,147.3399,404.5699,225.3116,153.6563,382.7781,208.9585,178.3353,395.5349,207.1428,164.4567,413.088,231.0597,144.8118,402.1276,208.634,178.7898,398.0106,226.1201,158.468,384.1007,209.0661,150.6337,416.2827
157a,144.2518,160.362,399.4703,154.8879,157.4267,376.3834,163.2829,191.5998,393.9886,171.1,171.5992,412.4846,151.254,147.5431,397.1694,166.4706,197.8246,401.7982,149.8371,168.2753,382.204,171.8645,165.9196,412.0286
157b,246.1479,161.7959,393.9174,235.6452,158.6115,371.6791,219.2878,197.5567,390.6471,215.796,176.324,408.7578,237.5695,149.813,390.6346,219.1893,199.9863,394.1738,241.7514,165.16,371.1104,215.2411,162.9441,410.1738
158a,181.0716,150.1552,407.9677,183.02,147.4345,393.0226,197.6948,165.5623,399.9108,201.8352,151.3404,419.0946,183.7494,139.4619,411.6486,203.0335,168.4148,409.8282,187.1744,157.4902,394.9367,201.3436,148.6265,419.6431
158b,210.3333,152.272,405.2852,204.7709,151.8643,385.4344,194.4271,168.676,396.6806,193.8148,157.4005,418.6827,210.7798,143.9241,403.1226,193.5546,174.1661,413.022,202.9209,158.1621,387.848,196.0446,150.1075,421.0428
159a,135.4983,143.8752,421.5422,133.4617,158.8175,398.3773,140.7235,183.8819,412.1774,153.6593,164.9019,429.0942,139.465,137.5842,420.5204,147.9261,186.3933,420.8518,132.1203,158.1541,399.2314,156.1527,153.044,429.9865
159b,214.6972,175.9338,392.8898,195.018,183.9852,379.8295,191.1793,208.9395,400.3279,199.4683,189.909,422.0908,210.1473,171.9211,390.8162,192.1368,210.4838,413.3561,198.1293,185.7019,380.5037,203.1589,174.9781,419.5654
160a,124.5238,131.551,406.2183,128.0576,141.4642,383.0669,127.7928,168.7177,394.0894,140.2053,155.6704,413.4807,129.8216,125.9442,407.5071,131.7137,174.0153,405.1752,121.2213,145.3163,385.4119,144.3706,146.1917,417.7458
160b,233.7187,168.9791,402.6061,219.7629,177.7558,382.8002,209.1837,196.9284,397.4708,209.1292,181.4748,417.9187,232.0583,161.5652,401.7603,207.6218,199.5595,406.4835,223.892,178.5609,383.2258,211.6111,166.6145,420.3267
162a,143.5747,131.6754,406.5415,143.4383,136.1066,383.845,152.9968,168.8027,390.6732,161.3757,158.3678,405.6012,144.1413,129.54,406.1738,155.7327,175.2725,395.5111,141.0043,153.4357,386.9102,162.9788,144.498,412.5487
162b,237.0547,145.2592,408.8845,236.3709,152.9214,383.7996,224.8797,179.3635,395.5846,217.3303,167.6228,412.0122,235.6753,143.2247,408.1014,219.0527,186.3607,406.0515,236.01,169.0394,390.9984,218.3201,156.0455,415.3945
163a,133.1205,153.6754,414.4774,142.645,154.5659,387.9128,151.7655,181.5252,400.9735,162.2759,166.5168,419.6522,135.0852,146.2371,413.3636,157.7395,189.0114,410.8488,138.5617,164.7736,393.3874,161.8648,157.8872,420.2799
163b,228.9835,165.5775,397.0216,210.1793,166.7387,376.0244,197.047,190.4002,394.8291,199.5417,176.2876,412.9626,227.6559,159.9606,397.6938,198.0513,195.81,404.3659,213.2531,174.0939,377.2739,204.4489,162.5568,413.8499
164a,140.3126,159.4693,411.8426,146.1423,158.2582,389.5836,162.4485,194.3578,404.0429,169.0285,181.9731,419.2369,142.3517,148.6961,402.8472,162.3201,196.9608,408.4957,144.0358,166.587,392.3756,168.2589,161.4712,423.2582
164b,143.8208,178.9189,373.1891,146.3941,160.8574,388.5699,163.6251,195.422,403.8317,170.5316,199.9134,384.2722,146.0228,165.1323,373.2606,166.4635,202.2567,402.8762,147.7841,171.9993,392.9503,172.1153,187.7119,371.2022
168a,150.9998,168.7816,412.3484,159.0435,185.3634,389.8409,182.9339,208.2292,412.8016,182.4713,184.6113,426.8115,151.9117,162.3511,412.2332,184.5272,209.8009,423.203,157.4689,189.6882,392.2079,181.7942,171.9047,427.7105
168b,243.4927,163.1301,416.0338,232.5962,180.7634,388.8899,215.1257,204.2164,411.7565,213.6377,182.4462,429.2795,241.7007,158.1049,414.1903,210.3519,205.1086,426.0594,234.233,183.729,390.4467,215.9694,168.4065,429.4274
170a,156.7311,138.6786,391.6977,161.4084,134.6737,374.3912,178.2301,167.3205,380.1016,181.9595,154.0638,399.6609,159.9096,130.005,389.8527,179.5544,174.8957,386.5141,161.3193,144.3465,376.1198,181.0287,146.1666,405.4462
170b,249.979,139.051,400.2195,248.1779,141.5113,379.3696,232.5033,173.6841,385.5634,226.035,164.4886,403.093,248.8017,134.9543,393.405,230.354,181.8859,393.0127,246.7376,155.2941,382.0926,226.3784,152.8978,409.3845
172a,137.9577,139.7989,427.8633,131.0284,155.1283,401.796,143.9404,183.8318,413.1444,156.9263,166.6806,432.3165,141.0874,133.1055,428.1513,148.883,184.2908,422.2355,130.3073,160.4271,404.0028,160.9732,150.1109,432.2097
173b,240.751,154.9528,398.9968,232.3331,155.3937,374.3183,219.6706,181.5609,382.3299,221.3499,166.8856,402.3015,237.9944,148.5743,397.1653,218.7321,184.1597,393.2174,233.7567,169.8807,375.984,221.4232,159.3796,405.3454
174a,143.4919,188.7004,402.7855,149.2449,186.7648,378.7703,168.8444,210.5691,389.3145,183.8951,198.7285,416.1254,146.9448,173.0314,403.9729,178.9788,223.5329,402.6241,146.8975,193.1002,380.9613,181.232,184.4073,419.8918
174b,250.2688,192.4372,416.4656,246.6384,193.1171,387.7415,220.9362,221.7684,400.2997,209.514,197.8951,422.144,249.0016,178.0687,415.8851,211.1702,227.0781,410.065,247.1046,202.4915,393.0639,211.7926,189.9066,424.39
175a,131.5281,140.7551,415.4794,127.0264,150.4733,385.7912,136.0396,180.4989,400.4537,151.0072,161.346,426.9008,122.2567,143.3333,391.4148,141.6654,183.2923,413.3002,121.907,154.2558,389.7091,154.6615,153.5316,428.0221
176a,118.9499,177.285,408.8254,124.6761,185.5631,391.0153,137.6,212.1379,405.4299,146.979,191.3312,420.7024,120.9955,169.3548,409.4296,140.1049,214.9574,410.019,121.8983,186.9676,391.6735,148.9008,176.7637,422.3139
176b,267.6649,176.698,411.9921,261.3283,190.6648,392.7558,246.7767,215.8733,410.5027,240.399,197.6425,426.5396,265.8441,173.5435,409.8599,246.3543,217.7414,415.1844,264.9121,193.201,393.3009,237.8427,178.3745,425.8841
177a,142.3559,162.6832,430.3092,146.9127,162.2063,410.4797,160.777,188.773,421.3817,171.3866,172.235,435.9336,147.2817,152.1272,425.2946,168.4365,196.2264,429.8887,142.5471,167.2493,412.726,169.6572,164.4072,437.5535
177b,256.5567,168.5234,421.2685,251.5479,168.2533,397.8022,237.8487,195.4399,410.8582,228.7292,185.4262,426.424,254.9891,159.5666,415.333,232.8945,203.0263,420.1512,251.7583,176.2234,400.5178,231.6478,171.593,428.2482
178a,161.8352,186.1145,402.0892,172.5807,192.9148,383.0912,198.5265,221.1411,400.9808,201.8782,201.9525,423.2241,162.6639,178.5127,400.7285,200.2329,221.2937,403.9932,171.1576,203.1759,387.5242,196.5836,189.7656,423.0399
178b,172.7067,203.495,356.8734,171.0519,194.846,380.323,199.6653,221.0023,399.209,211.7797,221.3427,374.214,175.4553,197.3154,352.8867,203.9295,226.4576,396.5364,170.4684,206.9588,383.5309,210.7295,214.6469,362.6466
179a,149.6579,162.1454,409.3235,148.8768,171.3346,389.4823,170.7213,201.8351,405.0847,175.763,180.0259,417.3839,150.258,159.6641,406.9286,174.4429,203.9501,407.9704,149.8143,174.7442,390.3229,176.1193,170.8928,419.8378
180a,153.9678,163.2328,410.047,164.6317,164.9721,388.5377,178.3523,189.6274,405.2385,183.4199,172.1987,424.184,154.3106,154.0826,407.2249,182.8884,197.6682,415.4951,161.996,165.9073,389.2662,182.4371,162.2866,424.5561
180b,242.481,186.8174,423.2337,234.9117,193.165,404.4469,211.5391,215.6171,423.2186,208.162,193.4983,437.0352,237.2017,179.3709,416.8813,209.1901,219.6083,432.2678,233.7086,195.5682,406.2325,207.9708,185.7174,437.6893
181b,218.2034,169.5564,414.3629,208.0322,174.5186,386.5529,187.4952,191.6134,400.324,185.3332,176.3732,426.5856,217.3535,162.0362,411.67,183.7648,191.702,418.6772,207.633,181.3065,388.6973,191.803,166.3217,425.7089
183a,152.5273,162.7805,395.1086,159.0823,168.9449,372.8919,178.0081,194.5316,386.3184,179.5196,182.8319,405.562,152.3534,154.3388,397.6234,181.7722,198.6629,393.2379,156.3199,168.4481,373.5237,177.9869,171.7803,407.0889
183b,243.0258,164.9277,400.2379,238.1213,168.3689,377.8896,214.443,198.5172,392.5004,213.6847,182.2305,408.0638,240.6677,155.5304,402.1037,214.5229,199.1809,394.2577,239.1547,169.4842,378.6385,212.9152,172.7171,411.6341
184a,137.1193,162.8262,435.4374,129.2096,174.2967,410.0475,148.5032,196.514,417.1039,161.4775,176.0779,436.1454,135.9569,159.7821,426.5184,158.6308,198.2875,430.1903,126.8239,177.9177,412.4317,162.2082,167.6532,436.1311
184b,219.2748,200.8194,423.2737,206.3826,213.4909,398.397,184.1589,222.8502,422.1848,193.4405,204.8074,440.6403,216.8538,201.7605,412.4713,185.577,222.6962,435.9203,208.876,217.6649,400.525,199.6757,194.2568,439.3396
185a,143.5672,158.7039,424.3562,140.9883,170.5581,404.391,158.0907,189.1588,406.8858,169.6201,172.6944,427.5465,140.7892,163.5439,414.5014,167.8199,192.3256,419.1526,144.5717,177.0617,404.1689,169.4003,164.3911,429.834
185b,249.5089,152.6922,426.5699,249.6375,168.7922,399.5706,232.4726,186.8957,406.6041,223.8585,175.5044,427.3362,250.4138,150.3053,426.7776,225.0298,189.4909,422.2285,250.6211,171.8096,401.1452,226.2871,158.8403,430.7025
186a,143.9237,149.7443,424.5348,147.293,161.435,405.4181,156.2005,184.7838,417.4315,169.907,169.1158,434.3511,146.5173,144.1811,420.6196,164.4636,188.1706,428.2166,144.4194,161.1849,406.92,170.0176,161.3194,435.7721
186b,262.6098,140.8009,431.4393,261.0193,154.5423,411.949,251.8605,176.8711,420.0672,238.034,159.7171,435.2391,260.2916,137.2482,422.3715,246.008,182.327,429.2603,263.0444,155.334,413.6293,235.4244,153.3277,433.3367
187a,127.8383,155.423,403.2671,134.224,153.9544,380.6859,146.8228,183.0573,388.7765,154.2661,171.1823,411.4822,134.5538,144.4695,407.1056,150.397,186.0406,398.3816,133.0874,159.3376,381.4767,154.045,158.5919,416.1731
187b,235.5136,171.768,413.3306,232.9945,175.4239,388.0004,208.0899,194.9934,396.6709,208.612,173.1678,416.6736,232.7221,161.8409,410.2717,203.4056,196.2231,405.8683,233.4987,181.4321,390.857,208.6732,168.8271,418.9957
188a,116.9077,184.0816,408.5555,122.3513,188.0666,387.3219,140.5175,220.3493,401.4007,148.9457,203.5606,422.1545,121.831,176.5863,407.804,145.3084,226.8098,410.0995,119.8087,191.619,389.0374,149.1283,188.9339,424.5415
188b,292.4564,153.5692,422.827,296.2895,161.2381,400.6595,282.5701,201.5581,414.4347,268.404,187.9512,431.821,292.3326,149.989,417.0629,279.1948,204.7545,419.7986,299.3433,173.5143,406.3172,264.473,168.6977,431.0551
189a,131.8027,164.1469,390.5832,138.0424,170.3197,369.6499,147.1082,202.1595,383.0611,156.6937,189.0447,405.3043,133.8379,157.0326,383.534,151.302,208.8025,393.0223,135.5044,173.7458,369.9977,155.9346,176.743,408.8228
189b,230.817,186.0047,389.6192,218.3733,192.4854,369.3549,200.6765,218.9489,388.2013,199.3079,203.6928,408.2257,228.2429,179.9236,385.3576,197.817,224.1836,398.2209,220.2512,192.6156,368.7256,205.2741,186.0005,412.7836
190a,138.8276,163.4293,402.8138,141.72,168.451,378.4155,155.7587,200.141,392.766,162.5073,185.4538,412.0225,139.0608,158.9931,402.3954,158.4895,203.8942,399.4292,138.6893,171.4812,380.5441,162.5623,173.6688,413.2989
190b,252.6696,180.3292,413.3536,247.5742,184.4969,388.5825,228.2941,213.8336,406.4394,223.3031,197.9212,422.9332,252.2309,174.6294,411.8036,226.927,215.4902,414.1432,249.1672,195.2026,394.3658,225.441,180.7493,421.9133
191a,109.8949,152.5633,409.9862,116.2959,161.3287,388.6107,122.973,189.0933,402.9578,132.0732,175.8882,416.8969,112.1565,146.7685,407.8427,123.6288,193.3909,406.3999,113.4762,162.2108,389.5526,136.4229,162.3768,418.6078
191b,263.6024,174.8649,407.8408,255.9907,180.1874,385.8628,241.5053,208.9436,405.2509,237.8432,191.8132,417.9239,261.8619,168.7165,405.6866,241.1739,212.2099,410.3394,258.4797,186.2267,390.0781,235.0253,177.1584,416.8505
192a,163.2131,165.5784,435.7757,165.6859,175.432,416.5016,184.891,194.0886,429.0074,191.4597,170.0271,442.2642,164.2157,158.6439,434.2695,190.1506,195.4688,434.6166,164.7075,175.2757,417.4334,189.9958,160.7978,441.4553
192b,246.7414,161.8013,424.6275,242.9909,167.4646,407.8807,224.7109,195.3255,421.7841,220.9547,175.3889,434.7995,243.2189,156.4125,422.8834,224.3501,196.1169,423.3367,240.1297,178.5726,408.3744,220.361,165.2558,433.8786
193a,144.9,165.8095,412.681,155.3666,167.6475,391.9395,164.791,195.5093,407.2736,170.3922,178.3166,422.9862,147.4169,161.2948,406.218,168.8895,200.335,415.7568,150.9645,174.058,394.476,169.0421,167.7549,425.5523
193b,214.4887,186.9007,412.5487,200.7201,187.8656,393.943,185.6399,206.3839,412.4818,190.1987,187.7734,428.4447,211.9114,179.4962,409.459,182.3152,211.1325,424.6459,202.9604,193.716,396.5317,194.7735,176.9594,429.0471
194a,139.4506,118.1162,407.3921,134.8649,120.2834,381.2907,137.7804,152.7557,387.4916,148.7294,145.3241,408.3647,131.7354,118.4884,384.2289,142.2251,157.1035,396.6524,129.5985,128.1373,384.3896,151.8297,134.6637,412.1969
194b,239.575,136.491,405.9947,235.8167,143.8163,379.0355,225.522,171.177,392.5934,221.5217,159.1295,413.7992,236.5157,141.2568,381.089,222.2193,173.3654,402.0024,239.0596,146.7595,380.2338,222.3111,146.0994,417.1642
195a,120.6186,148.4356,405.6662,131.299,153.1357,373.3308,138.7642,186.4887,384.4961,147.129,172.1586,404.7357,122.624,141.5789,401.8529,141.3453,193.9808,392.102,125.1696,159.5322,375.2454,148.5944,161.9069,407.702
195b,246.1021,171.1371,417.484,237.9648,178.6065,384.9174,212.5522,205.5538,400.8595,211.0687,187.3086,416.5639,246.27,164.7533,412.6689,211.2135,210.0879,408.5304,240.7053,184.5432,387.7273,216.5592,170.9317,419.343
196a,122.14,151.5769,411.5082,123.5132,158.9809,393.2862,134.446,186.0205,407.0229,145.5011,172.2767,423.484,127.3245,146.4172,408.5028,143.7063,193.7344,417.1329,123.1048,166.8159,396.1075,147.3251,165.2854,424.2512
196b,252.0685,177.6906,417.4402,248.9267,184.6065,400.1572,228.2527,208.1002,417.1725,222.1638,186.6597,429.8326,249.1619,168.3143,417.0779,220.7873,209.2875,424.9655,249.2326,185.3451,400.5052,221.8311,173.3056,429.1903
198a,123.7186,137.3276,408.3736,121.6277,142.3869,380.6542,134.454,170.2771,384.2306,146.935,161.2924,409.7328,124.9311,132.1899,407.4489,139.9352,172.9989,392.8553,120.2903,144.8513,381.4893,149.1302,150.2303,412.0766
198b,265.1455,170.4168,423.6436,259.978,182.6364,399.7883,240.5444,202.0715,411.1535,233.4142,186.2525,431.763,263.0478,167.5215,411.2923,235.6144,202.0825,421.7731,260.7646,184.2878,400.419,233.6308,170.3977,431.9769
201a,132.0111,143.2469,405.6959,133.1118,145.8283,382.031,149.0914,172.2527,388.607,158.028,160.6567,413.9706,133.209,134.6559,408.6385,150.6328,173.4115,391.977,133.4962,151.5725,382.7813,159.0935,144.1095,417.2152
201b,226.4131,168.4619,422.5208,220.8027,176.8863,396.3759,196.9847,193.1055,404.8501,194.0696,171.0377,429.2971,224.9399,167.1643,410.0081,192.5369,192.1642,415.0868,218.798,180.8463,399.0515,198.8265,161.5236,429.9059
202a,111.0183,143.2547,394.753,111.6533,150.1,385.6562,114.2078,175.6747,395.5997,134.2778,167.8159,420.5309,122.8224,132.555,408.9716,121.9811,182.0453,405.8978,108.6702,153.118,387.6907,139.6378,153.356,422.3177
202b,197.157,183.3598,404.0991,176.255,196.2104,384.205,164.6015,212.7598,406.2872,180.4211,192.2909,427.6666,181.8465,187.4433,385.8702,167.6778,215.2411,414.2401,179.0179,199.028,382.8412,183.4353,178.2607,428.2159
204a,144.2562,145.5355,399.6675,147.5249,147.8793,375.6813,157.6195,179.5649,383.959,165.7769,163.7719,411.1318,144.9057,143.2675,384.9979,160.5691,184.9323,393.619,147.8988,153.3808,376.4679,165.6716,152.0286,416.2964
204b,229.279,166.3557,412.7825,222.7656,172.5196,387.1755,204.7945,198.632,401.0996,201.7346,180.7583,425.3893,224.8597,169.7318,388.6826,201.3704,201.1702,412.9807,222.7709,176.086,387.93,205.5418,166.6261,426.5985
207a,111.7064,145.711,410.8156,121.5131,151.8369,386.5231,124.6488,187.7701,406.511,134.7027,170.4375,420.7607,114.2421,143.9856,397.1694,125.4508,190.7945,410.4337,115.6035,156.9734,393.0623,139.4414,157.7286,423.193
207b,240.3069,177.2839,414.0717,233.5963,177.4699,389.0589,210.1431,210.1488,405.6898,206.4702,191.6541,421.8719,238.6436,177.4956,391.3336,208.7165,212.3628,409.62,242.1455,187.2803,396.6523,208.5089,170.5618,421.8286
208a,128.2271,151.9717,409.2364,127.683,163.3187,384.172,135.5742,190.5441,398.8258,149.6187,172.7423,422.8374,124.2078,154.4715,391.9576,141.4586,192.832,408.2671,122.5516,165.8545,386.5257,152.0231,161.2598,424.0575
208b,240.8109,181.4006,417.7348,235.2396,198.0538,392.5783,216.4696,219.8783,412.5496,212.4823,194.8846,432.2731,240.0633,194.1902,395.7822,215.2229,219.6715,417.5914,238.1456,201.8927,395.2516,215.0145,183.705,431.8939
210a,139.2634,160.8678,429.3317,140.5354,166.223,401.0106,152.7333,191.7474,415.2589,165.7737,174.7861,433.2402,135.1161,162.954,407.5535,153.7699,191.7528,417.4239,136.1637,175.8249,408.46,165.262,161.3091,432.7723
210b,252.5956,161.7986,411.5022,245.834,164.3599,389.4353,227.0632,189.9639,400.507,220.8059,170.1312,419.0267,248.6168,161.5054,394.2589,226.7818,190.747,407.9568,247.0026,169.6309,389.8695,220.8234,162.3062,419.8
211a,111.943,153.3738,404.3077,118.9884,157.3351,383.7914,124.2204,190.9603,396.4216,137.736,185.3135,417.7296,117.1337,146.2041,405.1381,125.6166,196.8075,401.379,113.9497,160.4119,386.791,143.3617,164.4213,415.6907
211b,276.6445,169.1209,385.323,262.6928,173.3603,368.6793,257.8924,207.1065,391.2021,256.3166,196.8315,414.0561,264.7226,172.2115,369.0766,259.5632,210.1215,394.494,267.3279,179.0858,369.4772,254.2705,171.8194,412.7585
212a,145.6816,165.9261,412.9707,154.2772,177.4761,385.9508,174.8641,201.7448,403.0078,177.554,170.4803,419.8342,146.5822,153.4692,412.5367,178.1992,201.5588,411.2383,152.9429,181.3171,387.8024,178.1956,163.0532,421.7096
212b,222.3398,185.6718,405.8636,206.214,193.8317,378.0294,182.2316,214.2011,396.5214,186.1391,194.1493,415.7323,217.4112,183.4107,388.8462,181.6543,214.96,408.1417,202.5465,205.7607,381.6765,191.2148,177.0669,417.8833
213a,163.6231,101.8113,446.3336,155.4254,122.3096,422.0617,186.0542,141.6463,429.9381,201.6082,120.8929,447.4741,155.5652,109.8617,433.9254,191.5609,142.2107,435.4123,157.5799,126.8115,423.3717,196.867,101.5088,447.0769
213b,239.9165,171.0897,412.7281,237.1023,180.5383,386.7663,214.7012,206.6424,402.994,207.166,179.6763,426.3378,238.7561,163.6046,408.9945,210.1498,206.9371,413.7065,237.8219,191.0733,391.6465,208.4291,164.2932,427.9693
215a,150.9737,175.7244,394.2439,160.1952,172.5242,372.0032,175.4524,199.0042,384.3813,184.7545,187.3444,410.6313,151.4629,161.0659,398.082,175.09,203.8046,388.9149,156.6015,183.0149,374.7534,178.6614,172.6218,411.0132
215b,220.6977,185.4631,402.6692,216.0775,180.7583,374.0634,192.7623,203.8386,384.8096,190.3705,186.0495,407.3753,223.3994,172.1911,400.6172,192.6135,211.7085,395.799,215.9526,187.9363,374.4307,194.3513,173.8864,408.8222
218a,148.5063,154.0623,411.3632,154.6729,160.2712,393.5935,168.1423,183.0443,406.8947,175.1949,165.5489,421.3539,151.338,146.5731,413.6776,172.8574,184.7789,416.5441,151.4871,164.6147,395.3633,175.3306,156.285,422.5867
218b,244.4226,166.2397,410.6787,239.4616,169.3961,392.3985,225.0711,193.6253,404.3083,215.2412,179.1669,419.998,240.5509,157.659,411.7304,218.0157,196.0092,414.2395,241.214,173.6627,393.5016,215.6369,167.8145,420.1097
220b,237.7444,169.8945,417.2483,228.5017,174.8286,396.0543,215.9612,198.1321,404.9969,206.0483,185.117,426.2639,233.7848,160.8608,414.441,212.3507,201.505,413.0488,230.7825,182.2091,396.0733,208.1961,171.8418,425.9335
222a,120.8187,152.5506,417.3981,126.5377,154.3806,392.9037,143.2195,185.887,402.9843,152.2469,168.4577,418.4817,122.773,145.4231,406.3194,147.4646,192.1728,410.3707,126.2786,159.4238,395.1777,154.504,158.8849,421.3046
222b,238.6459,188.3391,418.4971,233.444,186.9564,392.6,211.3994,214.2346,404.1939,206.3143,198.9301,420.8222,239.0253,179.2604,406.5448,207.8255,219.6012,410.427,235.0982,192.9645,394.5782,207.3599,183.4761,424.6761
223a,141.4084,167.9103,423.0702,145.2873,168.5868,398.4709,161.7979,199.3509,415.1501,173.3694,189.5589,436.7146,142.8968,162.9303,412.8477,165.076,201.5924,423.45,140.8481,177.9214,403.8461,169.1612,166.3399,432.0367
223b,254.1327,170.0455,427.0009,251.2854,175.1005,403.4205,236.1877,204.3207,419.1359,222.7206,195.046,438.9076,253.6959,169.815,417.2871,230.8099,209.1374,426.9909,254.6013,182.5586,407.3577,225.9796,175.4914,435.9811
224a,142.8181,155.6108,404.8883,155.243,152.1208,379.0818,173.9735,190.9671,395.2991,175.8924,168.5791,410.9793,146.0623,144.86,405.8849,174.0495,193.4307,399.9114,147.1905,159.0267,382.8158,176.7054,156.3296,414.3442
224b,246.0719,163.3667,416.6438,236.7249,163.4158,389.0114,214.8169,197.2237,406.1197,211.2786,179.2328,419.598,243.2212,152.7607,413.1529,211.3484,200.0686,411.39,240.996,169.5582,393.1991,213.7327,160.6913,421.9586
226a,118.1886,132.9049,405.2514,126.5827,137.3676,382.4528,123.5748,174.2569,396.4678,135.3942,162.4078,413.8433,123.0121,126.5736,405.9837,124.8601,178.6933,401.5422,118.3582,140.5969,385.4895,139.9251,147.6085,416.7017
226b,245.8145,161.2028,407.9246,239.1853,163.0056,385.8381,225.3048,196.5502,400.4649,217.8427,179.4988,418.0175,241.0604,155.7802,398.6409,221.2271,201.3902,406.9969,242.8079,169.4726,388.1935,217.7956,169.7537,418.72
227a,125.5581,145.1218,394.9539,134.9418,142.7979,374.9745,146.7954,178.8571,385.4666,153.4287,161.3249,406.4231,131.9478,135.6371,387.6328,146.6159,180.0759,386.8306,129.378,152.0989,378.2336,155.9048,152.1853,407.1748
227b,246.4373,187.1773,416.9174,240.1366,186.6351,393.9141,219.6974,217.2177,409.3551,214.8196,200.5366,425.1746,242.3812,178.804,409.8102,219.1076,218.5268,411.163,241.4439,191.7147,396.0179,217.2021,184.9484,426.4062
228a,137.6027,177.499,405.4969,150.5142,179.3546,384.2087,159.401,210.1487,405.6006,163.7394,186.5883,421.18,150.2378,163.085,404.3713,159.495,212.9258,408.2683,148.3872,193.2382,391.4123,167.3862,175.5861,421.679
228b,243.4105,187.2598,414.3014,234.14,187.2877,392.2377,217.8628,217.6701,411.3463,209.7126,201.1815,431.3055,240.1259,177.4802,410.5159,217.4935,218.9316,412.9975,236.7672,191.4348,394.308,212.026,179.6438,427.4998
229a,122.9898,162.5821,411.0475,133.0911,164.5759,382.7631,142.0037,201.9866,396.9631,154.9895,183.5517,418.7875,127.7726,154.38,405.1486,146.3062,206.5642,406.2848,124.6124,179.8384,387.6636,155.421,171.6919,419.8469
229b,272.9923,179.0942,423.3749,263.3689,184.063,392.4271,252.1239,216.9614,409.0908,239.5238,198.0104,429.8459,268.3224,167.9046,422.279,247.1467,220.4807,421.3196,270.7087,190.8929,397.7598,237.7291,182.9413,428.1193
230a,120.9888,154.6893,435.2795,117.734,163.7286,413.9539,129.4393,192.5393,423.9496,143.1172,179.067,437.7912,120.2808,151.616,429.1605,132.5091,194.0114,426.4701,115.8409,166.6938,416.3387,144.0339,166.8638,437.3011
230b,225.3896,177.394,432.7011,220.9952,186.0127,408.4105,199.2848,207.922,422.7489,196.1654,190.1947,438.5986,225.3675,177.9489,419.2595,196.415,208.6806,427.1462,221.6227,190.4036,409.7452,199.7832,176.0191,439.2651
231a,120.309,130.8362,412.8549,115.81,135.3321,387.085,129.3975,165.6519,390.3531,144.9417,155.9216,411.4144,120.3156,127.6587,401.242,136.9718,170.7697,398.9349,115.7473,139.5907,387.1157,148.4616,141.8617,414.248
232a,105.0087,160.2789,407.3131,113.4126,163.8005,384.5483,126.5071,197.4913,403.3121,137.6631,177.94,419.7045,113.7876,149.508,406.6346,127.4559,203.5339,411.48,108.0639,172.7151,390.5226,138.36,170.5849,419.8162
232b,271.287,172.7433,407.1733,262.6021,172.9922,381.6174,246.6207,207.2562,400.2719,238.2253,186.8168,418.9131,268.8641,165.806,397.781,242.5219,211.7554,413.0085,267.2474,182.0324,387.7537,235.8342,172.2418,418.584
234a,133.9707,170.2835,423.3908,134.5525,175.4436,399.5627,152.654,204.5515,415.5811,163.1757,189.0526,433.3763,135.7391,161.8914,412.1713,155.9609,209.414,424.5702,132.1049,182.5463,401.8214,163.7944,171.5258,433.0636
234b,255.6921,176.494,411.2395,254.8909,178.903,389.8676,235.7384,208.5548,403.6088,223.0677,190.6502,420.6059,252.907,169.1911,402.5251,230.9708,214.6249,412.5097,256.6306,182.4542,390.756,221.0998,175.712,422.4269
237a,130.5909,179.7506,403.1005,140.7115,181.9241,380.3619,162.9296,214.11,393.3167,167.4714,197.2715,413.7768,131.7307,171.8117,402.2097,164.3836,217.4249,400.9147,140.2605,190.3681,383.5964,166.1061,182.1945,416.7971
237b,134.1492,198.3899,352.3196,138.8299,186.3281,371.9527,164.1101,217.2821,390.5793,173.1918,218.3885,365.4886,136.8935,193.1184,350.8302,167.9746,223.0462,387.9376,140.7906,187.9653,374.9825,174.0749,207.2571,347.9568
238a,134.3276,153.3136,403.8494,141.9157,155.3038,384.1392,151.3363,186.5081,392.9121,158.9,171.4975,408.9156,138.3243,146.5727,399.134,152.7314,190.8656,398.4329,137.9148,160.9796,385.9146,158.6469,163.0364,411.3182
238b,241.4501,169.2229,412.6617,235.989,174.1389,391.3673,219.8288,201.4583,400.2513,213.5322,184.5569,415.6047,239.8412,165.1239,409.5652,215.4783,205.0493,406.6778,237.9379,177.332,393.1721,214.8387,174.3449,417.1777
240a,128.5075,149.9201,409.2662,130.3669,157.9005,390.0997,139.4706,189.681,402.735,150.0964,175.6087,419.2096,130.8569,146.058,403.8242,143.3047,197.0397,410.4546,133.0176,161.5252,390.2336,151.8536,164.6085,420.7826
240b,245.9483,166.1904,408.1994,240.2347,172.2348,388.1298,225.1552,203.9322,401.869,219.8397,188.4837,419.415,244.0227,163.8393,405.6313,220.8138,210.4278,410.6539,239.5188,176.8357,388.7982,218.8125,176.6674,421.9661
241a,131.5982,160.6252,423.6053,128.8951,175.9542,398.387,146.0134,199.9895,410.6632,157.5675,182.3579,432.1501,129.6415,160.259,413.3163,150.6877,201.0344,420.3653,132.1171,181.1203,399.1319,156.6584,168.7864,431.5238
241b,227.1783,181.4781,426.6862,225.1448,196.9637,401.5077,204.5931,218.0585,414.2643,196.8598,197.738,435.3759,228.444,182.9425,414.0511,198.3181,216.1966,426.1246,225.9453,197.8014,401.3602,199.8453,187.9366,435.6461
242a,146.3512,159.3833,380.8513,157.2261,159.1028,357.522,161.5172,201.0989,372.9016,166.0514,184.0321,394.2643,151.7982,153.5912,372.656,162.5511,205.4977,378.8539,149.2568,168.8912,359.308,168.4106,171.0621,395.4285
242b,223.991,179.3144,390.5631,211.855,178.4951,366.5786,195.7119,214.6496,386.4149,197.9474,192.6843,406.113,220.0744,171.6286,388.3912,193.7838,220.2054,394.5102,215.5987,184.973,368.7476,197.1712,183.4512,407.4382
243a,131.0699,168.6928,396.6244,142.319,170.5194,379.8666,155.8757,199.6402,390.6896,161.9658,179.3316,407.7134,137.4249,154.9559,398.375,156.6801,200.7501,391.6995,140.076,173.0537,379.9967,163.4115,173.7182,409.5824
243b,241.1233,185.7093,412.0149,226.5097,193.1249,391.6386,210.2794,216.3624,406.5345,206.6724,197.5956,420.3314,237.5512,174.2344,411.4625,206.519,218.7655,416.0366,229.6851,191.5683,392.104,207.2768,182.5717,423.0028
244a,117.061,172.267,395.5351,123.9152,170.862,369.3188,138.7831,209.7247,381.3439,147.5941,192.1465,401.0499,124.3218,158.9129,385.8149,140.159,212.8128,387.2167,117.7283,173.7129,370.5637,148.0623,176.4245,405.7963
244b,117.0864,187.9978,344.5139,122.9122,171.7641,368.6018,138.8431,212.3479,379.0181,146.2527,209.3207,354.9734,115.3655,172.8629,357.3365,140.0351,218.3968,377.7435,120.0013,177.3293,370.4739,146.0486,199.0916,341.5735
245a,156.5064,178.7542,412.5368,161.9148,181.0004,393.1785,176.2255,204.934,412.0777,181.3151,183.4352,425.711,160.1118,168.4315,407.4254,183.3326,208.1409,422.5424,165.5226,186.9358,396.7672,180.8196,174.5509,424.5429
245b,246.0526,182.4611,413.8915,237.5892,188.0515,396.23,220.3174,213.2001,415.9277,219.0672,191.7657,427.1645,243.8256,174.8973,410.8576,218.8674,216.0859,425.0587,240.0605,192.5702,397.4289,218.5065,178.7166,425.8013
246a,151.8872,181.4818,416.3645,160.7346,186.8,393.4189,176.7252,210.6355,407.5072,182.6083,194.5154,426.3073,152.7132,173.7951,413.8522,180.3699,213.6935,414.6034,158.6133,193.8931,395.351,182.4233,178.7683,425.0465
246b,246.955,156.6564,408.7922,238.1564,159.7377,382.8237,225.5455,189.2577,394.4123,221.7134,177.0449,413.9818,242.5054,147.3958,404.6989,225.2577,194.3546,401.8786,241.7633,168.1721,384.2001,218.5846,161.6827,413.0464
247a,111.0227,135.2561,402.8609,115.7583,137.1698,378.9355,118.8398,166.9173,385.9519,131.1274,159.6501,406.155,116.843,128.34,398.5458,117.6244,174.1951,392.8588,111.5142,145.8864,381.0023,133.5333,151.2654,406.9838
247b,252.1282,177.7194,414.2003,246.5306,181.1986,391.1765,233.0721,207.3967,397.9919,221.7429,198.6376,417.6336,252.7674,174.7883,401.5031,226.1767,216.1168,408.8418,253.9181,185.3477,395.7126,223.5652,182.3428,419.3659
248b,232.3731,169.2527,424.6083,234.9401,182.917,398.3481,217.3784,203.5734,407.9267,203.9094,185.7568,431.2061,237.1264,170.4583,410.0815,207.9629,204.3804,419.9148,236.4213,183.474,399.2374,206.6687,174.8767,430.6997
251a,119.8323,184.1251,378.6345,124.2287,183.3749,370.3037,140.1754,211.8515,386.8907,143.414,197.0947,413.2041,123.5858,170.5599,399.2937,144.4133,216.7348,395.9384,127.8258,194.5561,374.182,140.9936,182.1434,415.9436
251b,283.7179,162.1378,399.6385,281.1198,159.5639,388.6807,263.7041,189.7746,391.795,245.7756,181.3599,418.8641,269.4654,152.4911,415.6225,254.1852,197.4775,400.7268,281.1992,163.3098,390.3917,244.712,164.3043,422.6603
252a,128.9013,186.6985,414.9531,130.6724,189.2946,390.2676,152.5493,217.7445,400.9857,160.8818,201.0851,419.6226,131.0736,177.2462,406.161,154.0287,219.9765,404.5666,131.101,190.3944,390.2424,158.5919,187.4032,420.0768
252b,266.7992,185.9473,420.2241,265.3016,191.2594,393.8794,242.3845,218.5543,403.4071,233.6477,205.4428,420.9789,266.4612,179.0337,413.4988,238.9353,221.7597,408.6561,267.3987,196.4147,397.991,234.0772,187.3307,421.3817
253a,155.8777,161.7355,406.0262,156.7405,167.6435,391.3974,174.5695,193.0467,400.2708,181.429,182.8038,424.2392,155.9363,159.6799,402.285,179.4114,196.4575,410.8822,155.8054,174.1979,392.5581,180.6521,170.2188,423.4143
253b,253.7738,162.7302,415.9948,253.0372,172.2668,399.3329,239.0547,199.5904,413.7326,233.0614,181.9231,431.3348,254.0766,161.2292,414.898,235.7622,200.5267,424.5994,251.4442,175.7866,400.534,229.4554,168.5311,432.1031
254a,109.5045,165.529,404.4705,119.6005,172.9912,384.8014,131.2917,201.9667,402.3214,141.1309,192.2024,422.4586,114.0859,156.1747,404.34,133.6584,206.6006,407.7634,116.3968,178.4911,387.2527,140.2853,170.7736,419.3946
254b,276.2467,169.9704,408.4737,267.8799,176.6241,386.6134,254.5031,208.6646,404.3401,245.5573,189.7505,420.8129,274.4184,160.6217,406.4719,251.9069,211.7717,411.5828,272.3483,183.7062,389.1958,242.9483,173.6324,421.3595
255a,136.8586,173.3515,422.2401,138.6573,182.0897,399.3978,159.8646,205.3956,409.6762,167.3038,189.2807,432.172,140.2193,165.0292,421.5953,163.8019,208.4392,418.9848,139.7872,183.7443,399.1269,165.4949,174.4886,432.7579
255b,254.1184,164.5722,421.4982,250.8916,175.4224,395.8392,237.6706,200.5221,408.0484,225.4532,182.6594,431.2859,250.6654,157.299,419.7876,230.1076,203.6455,421.3065,252.8764,177.9064,397.8359,224.7112,164.7681,431.8918
256a,113.0752,167.0607,404.094,120.5803,164.5872,381.5273,139.3002,207.3113,392.4341,147.4036,189.9974,411.0985,117.5024,159.5703,398.1565,139.2247,208.7642,394.3816,116.9849,172.9061,383.5603,149.5703,173.1762,414.4891
256b,282.8735,178.3728,431.8762,285.0387,183.1056,405.7586,262.3311,220.622,419.6332,250.3261,201.5638,434.6555,282.382,172.6225,421.3037,258.3657,223.3989,424.326,284.8911,188.5452,408.9154,248.0618,190.4791,433.6005
257a,112.9452,190.0088,439.0715,117.1421,204.5412,421.2041,124.6442,228.8029,445.3721,136.4175,203.682,455.1214,118.3893,183.4715,435.1992,128.4265,231.1013,457.2276,119.7793,206.8129,421.4213,139.3564,189.8068,453.3958
257b,245.3416,189.1075,429.496,238.0101,206.7372,410.9863,222.8606,230.1619,433.2099,216.276,204.4265,443.3402,241.8245,184.4274,425.8727,217.901,232.2548,445.8478,238.8404,206.5151,411.0228,215.3384,191.14,441.1847
258a,119.5385,148.0851,426.9585,110.6494,157.1076,407.8982,125.3796,182.4918,415.2595,147.9845,168.3004,429.5689,118.9491,144.2017,419.2867,131.3609,187.3427,420.3609,112.3009,159.2215,407.6542,152.7139,154.9691,427.5957
258b,249.5665,161.4067,410.8016,246.7655,172.3966,387.1638,225.2193,196.266,396.9584,216.7298,181.4957,419.6156,249.8869,159.8294,408.7062,219.0097,196.9741,411.3953,247.8527,176.2088,389.148,218.0742,168.31,419.8064
259a,113.1985,158.4282,429.4786,117.7367,178.0055,402.8653,128.0691,205.793,419.9003,141.6363,178.9625,438.5057,116.8292,153.5335,426.4203,132.3012,205.3356,429.2264,116.0799,180.292,404.2648,146.9339,166.0616,439.2692
259b,267.8852,170.0181,436.5878,266.7444,186.85,408.8131,251.2682,214.1244,421.4573,236.0549,192.0266,442.2291,265.1438,164.4719,433.1357,242.2007,213.1193,435.8592,267.1638,190.4449,410.811,235.4166,177.4655,442.6458
260b,260.3732,173.106,415.7857,251.7095,183.5809,395.3751,236.0309,209.222,408.1063,230.2586,186.7692,424.3748,256.8938,165.8258,406.7383,235.6474,210.5484,409.593,254.7213,180.8606,395.3341,229.244,172.3316,423.9976
261a,133.6604,151.1103,411.3713,136.4182,154.2639,387.6903,151.6611,185.3671,397.4766,159.8482,164.6156,418.6984,135.3884,144.3118,412.4271,155.5277,189.1833,407.2591,136.2155,163.2654,388.6435,160.1154,156.2789,419.3463
261b,249.0431,171.1863,411.1453,242.6612,176.0176,386.5654,226.7494,205.1872,400.6015,221.2077,184.5043,422.2753,249.9303,168.8271,403.8856,223.2017,207.6745,412.9232,247.0562,178.9009,388.6898,220.7946,171.9529,423.1501
262a,127.4599,164.1685,432.3739,130.2973,174.0203,415.3515,147.5669,198.5762,432.4594,152.4508,179.8747,440.9216,129.8771,158.9344,430.3422,148.9637,199.7481,437.5714,130.1024,176.9312,417.9309,154.2945,168.5031,438.5459
262b,242.4817,181.4701,424.5062,234.3908,188.3837,405.0157,215.1525,215.139,422.2614,212.5199,197.9605,432.5446,240.9238,177.821,423.238,212.9912,216.8891,430.2076,236.6296,193.4495,406.136,215.6954,182.4768,432.54
263a,130.3591,182.9218,418.2771,133.0903,196.8251,391.9673,150.9885,218.0817,403.7662,159.0188,197.5571,423.2096,130.8051,180.7863,417.7178,159.9976,217.1217,418.7965,131.149,200.2939,393.6884,158.6101,185.0564,425.874
263b,260.217,151.8887,421.5485,264.2523,163.0739,392.4004,242.784,187.2863,398.636,231.4764,171.5713,418.0184,260.7346,150.4926,420.7133,235.3067,189.6583,405.9783,261.8084,175.0743,394.3747,230.8296,160.4436,421.7113
264a,116.7434,180.3707,401.3507,129.6879,180.9948,389.2284,132.6761,211.4391,407.7762,141.5994,187.9159,426.6065,123.5511,168.6359,407.3791,137.4791,211.4329,418.5763,124.7906,187.3248,389.9157,143.9356,179.7914,430.3413
264b,267.5738,171.5549,426.5765,267.495,178.0047,406.0229,255.5495,206.9809,421.7152,239.4246,185.6255,435.605,260.9156,162.878,425.7513,251.0185,206.8591,425.3833,269.0937,182.4533,408.2399,237.7757,174.9116,439.2459
265a,146.7632,197.7604,408.5549,149.7037,200.6193,379.6557,178.0068,232.9778,401.102,183.4816,214.2294,418.7025,148.8015,188.0344,402.3928,182.2614,236.5785,405.8284,145.3108,207.5961,382.9427,179.6955,199.2599,421.2689
265b,289.5032,148.5276,402.8751,289.9849,146.9633,373.0593,279.3048,193.4332,385.6897,267.3026,182.5093,409.2204,288.6114,138.5841,391.9476,278.1902,195.2591,387.6609,297.3971,170.0502,380.1488,264.5813,166.2684,412.7888
266a,144.5149,157.0383,399.9952,152.5835,159.1599,379.5342,167.8564,183.4653,386.2586,175.5667,174.1863,410.9074,146.0031,148.806,400.4887,170.9366,193.4638,400.2086,150.2212,162.8627,380.481,175.2614,158.4536,414.6085
266b,261.2193,148.8976,396.4116,254.1278,154.1847,376.2975,241.5997,180.7556,383.6538,233.5809,170.7607,409.1609,258.8181,141.3844,397.5854,240.8265,191.1454,396.9184,258.6414,155.1829,379.668,229.24,156.0454,413.1183
267a,97.821,125.941,397.9268,99.1189,126.954,383.4435,105.3573,162.4249,384.6022,123.6958,157.2976,410.8956,101.1257,121.7102,399.4196,111.9757,168.4863,394.0597,96.4052,133.1356,383.9396,126.1132,146.1935,412.8716
267b,273.6466,141.4584,405.693,276.3946,146.5474,372.5629,263.8263,186.2957,386.2263,255.0557,171.9319,409.7966,277.4335,141.1582,389.2506,260.392,186.7,399.1917,278.4142,152.3445,373.5502,253.5876,157.9137,412.3677
268a,169.6851,183.4298,411.1165,175.9213,185.6197,392.4904,196.6996,211.0181,410.7,200.4065,186.1309,429.8878,174.6163,171.9289,407.5499,198.3154,212.7587,414.1026,178.1205,191.9957,395.7394,196.1857,178.5511,431.2389
268b,265.0302,178.3241,415.5991,259.424,183.7893,395.5432,246.9433,213.2103,416.1868,237.2536,190.9033,433.0403,260.0434,172.6848,407.489,244.8924,215.225,425.0919,261.692,192.0125,401.2365,236.9963,182.0762,433.5569
269a,115.939,141.3573,419.1811,115.8211,145.4856,393.4359,119.5252,177.797,401.0566,134.0034,167.3118,419.4301,117.4783,138.4949,418.8716,124.8895,183.1691,408.0889,109.4496,153.4118,397.103,138.5974,154.287,424.0964
269b,262.958,172.7694,437.7059,269.1188,181.7642,414.0002,250.1669,212.6294,425.5544,237.9511,195.1969,437.8211,266.6068,177.5328,416.381,243.2226,213.2449,434.192,261.0717,191.2611,412.9167,236.7403,182.3983,437.9247
270a,142.557,170.4437,410.632,151.2399,174.7073,381.1523,168.0718,201.0112,389.1425,171.6779,185.974,409.3908,143.9765,163.2786,410.8185,172.9633,203.6653,395.6761,147.6035,177.8415,382.0981,169.4359,172.3055,415.3738
270b,249.6683,190.9653,406.4848,233.0678,199.7336,383.3279,217.0159,223.9903,400.9419,220.6597,204.1424,418.9009,247.6432,187.5515,402.6997,215.7662,224.4684,411.0821,235.01,206.5003,385.5514,224.4079,189.807,420.7838
271a,139.7428,155.1898,412.6917,149.1566,166.9218,387.0858,154.149,189.3515,399.0395,164.172,172.2761,419.8862,139.4056,150.6153,409.7299,157.6844,190.4628,409.4662,147.3224,168.7328,387.9272,164.831,158.8131,423.205
271b,273.5948,140.6683,410.2318,267.3775,145.1951,385.1573,269.1362,171.9305,390.9422,255.7421,165.8792,415.8395,272.9126,136.2195,406.704,267.0992,176.8029,400.9406,273.6978,151.4785,386.7202,251.7093,153.068,418.7624
272a,140.1626,153.1217,413.2514,140.7483,162.5017,379.8198,156.6053,188.9943,387.2339,165.0955,174.5344,408.9625,141.7928,148.0265,412.8994,161.0429,190.4482,391.7693,141.2562,162.406,379.6619,164.7937,161.0618,413.6218
272b,253.8166,152.664,414.6156,255.5343,154.6827,381.1697,242.5072,186.5837,385.3553,230.4497,175.9126,407.0048,251.8365,145.4222,413.6396,237.4795,190.7765,392.374,256.4544,161.2805,382.8477,229.8078,161.6767,412.4235
273a,125.2054,160.7263,411.5871,126.7744,163.8674,393.3065,148.4395,192.5887,403.1298,158.1772,173.4719,421.7332,126.4022,155.2005,409.7778,157.697,197.0799,410.808,124.394,167.254,396.14,158.6927,162.3211,425.948
273b,272.6157,131.6337,412.4878,280.4567,136.5146,384.0667,265.1103,174.0279,397.812,252.6094,160.4851,415.6852,275.3532,127.2564,400.29,258.8382,176.6725,405.2174,281.7422,141.1999,387.6548,249.5535,143.0017,420.7335
274a,153.4943,160.0595,399.9154,159.1,169.8108,378.5256,182.3872,198.5057,392.4062,184.2718,178.3548,411.7831,154.6006,157.0433,399.1333,181.921,199.6498,395.2875,157.8697,170.9716,379.1794,180.5985,166.8771,417.533
274b,268.2331,141.5128,401.4273,266.6621,148.2486,379.0655,253.2229,183.9296,389.1602,244.0518,170.2775,408.3141,266.6713,137.9944,394.5673,251.0193,186.2857,394.0526,267.9727,154.7311,381.4213,242.167,156.5587,413.5822
275a,123.325,130.425,413.9718,125.0729,134.7883,388.6264,128.9268,166.9677,399.1949,141.3002,151.2641,419.8537,124.4158,127.9855,413.4371,133.3649,170.4321,406.5986,119.0634,140.5358,392.1741,144.7908,144.19,423.3163
275b,255.8794,151.2266,421.3604,253.4872,157.8493,397.9583,239.8187,186.2926,409.6324,230.8906,171.7705,428.8187,254.3154,147.9505,419.0491,235.8712,189.0816,417.3168,252.5911,169.9061,403.0895,229.8473,160.565,431.0091
277a,82.9194,105.7081,414.5717,80.5219,105.8945,404.2576,77.7366,143.4643,404.0434,100.4789,141.7436,420.4923,89.9467,103.5293,413.8672,81.8134,150.9591,407.2628,72.6291,127.1767,407.5566,107.5435,131.9239,423.7077
277b,280.9296,152.3905,432.208,297.0542,162.5573,409.8605,283.8709,194.6149,422.0905,265.7148,180.5512,438.6855,280.505,149.3681,425.0367,273.7,197.604,433.0356,296.4108,169.652,413.5204,260.2386,163.9378,439.1999
278a,150.4698,170.8541,417.9143,153.1517,183.7414,396.0956,172.8591,203.3066,403.4966,179.3133,185.7448,423.7438,153.1458,166.2774,417.2883,179.9589,205.0477,413.9292,153.3545,186.2904,396.8266,177.9251,173.958,426.4367
278b,249.1509,161.7178,418.4473,240.5392,172.5231,392.9783,226.9133,197.2857,403.4149,218.6193,183.7191,424.1823,249.3338,159.7701,416.2482,220.9162,198.6932,418.6053,245.6313,177.8246,393.8026,219.7362,164.7549,425.2095
279a,127.4941,204.0071,403.7158,147.2574,206.039,386.7776,160.1092,233.6808,421.3321,153.1263,211.1222,430.775,135.3008,189.7242,403.9705,158.3425,235.2787,432.1311,144.0235,215.0609,391.2271,150.3732,193.8073,428.3248
279b,306.8411,132.3258,428.9979,302.0921,137.3452,401.3703,300.5426,174.7731,420.116,284.5645,162.1663,433.3549,298.3731,125.2452,420.9629,298.4204,179.5019,426.4884,310.1383,144.5369,407.8721,276.367,146.9512,434.6469
280a,156.8106,167.016,405.0184,164.9746,168.8264,383.9235,184.6808,196.3991,397.3453,184.0997,174.3052,411.8884,158.1106,161.4485,404.4759,186.9066,198.4484,401.9482,163.759,173.037,385.4838,182.3308,167.8784,413.5854
280b,261.3357,135.5622,401.3936,256.9413,139.5774,377.6505,249.8685,174.5811,387.9612,241.4284,161.886,405.6049,257.2041,133.1523,393.1857,247.786,177.5017,394.4749,257.7859,146.8459,380.6543,238.3547,147.4962,407.7228
281a,132.7542,161.5654,414.3908,135.4433,165.1114,390.4525,157.6947,200.7126,404.526,165.2315,178.1539,421.7908,134.5782,156.3376,404.2913,160.0049,202.6417,408.1061,133.2419,168.4371,391.0932,165.2043,167.6909,424.6021
281b,293.5051,143.6922,415.4674,290.9481,148.3626,390.0105,281.1373,187.3315,405.62,265.0971,170.9898,421.5399,289.0117,137.0438,406.6843,279.3661,190.9421,412.4666,295.4902,154.8984,393.3643,259.9084,154.5859,422.5942
282a,130.8958,172.4483,419.9091,136.423,172.5769,400.1481,154.5799,199.6849,410.9448,159.0985,185.7686,426.7758,133.8533,162.2986,419.3391,154.8068,200.3747,411.3607,133.5055,175.776,400.7531,159.3323,172.3459,431.2607
282b,276.0329,145.6384,416.7908,272.7192,149.6268,393.3027,257.3207,181.563,401.8938,250.1564,170.7777,417.4374,271.9955,139.1506,414.5859,256.3128,184.4169,406.6883,274.2054,157.4055,395.3604,247.6034,158.6234,420.2293
283a,171.6665,148.0553,414.9763,172.7147,174.4728,381.7939,179.7973,190.4709,391.3531,187.3677,170.5875,412.4767,170.9543,158.9455,388.4182,186.9198,191.6131,406.7934,172.9532,174.0512,381.4983,186.4544,157.4237,419.975
283b,246.4312,133.4371,411.2772,249.1154,155.752,378.121,247.686,177.9326,387.8901,236.2531,164.2024,409.6117,246.2636,141.3815,396.0845,243.3219,180.0501,397.7107,248.0316,156.8586,377.9314,232.7268,150.9174,415.4214
284a,122.4465,144.8669,424.9498,120.5286,146.7379,402.1979,134.792,172.607,406.5224,147.7336,158.8459,423.4811,126.074,138.6616,426.0912,142.4733,176.3189,412.9217,119.3287,153.309,404.0238,151.0227,149.0863,427.8191
284b,288.6629,130.3428,435.8655,295.0662,134.4084,410.5653,286.9918,161.8559,414.377,267.3795,153.4776,431.9386,285.3363,126.1546,433.8999,278.0349,166.0159,423.116,297.5002,140.278,413.9649,262.4312,144.4181,435.7373
285a,100.0349,146.3187,412.2397,100.3233,145.3889,381.673,96.1527,185.465,390.1299,117.2705,172.3047,411.155,96.9664,141.5267,387.3887,98.4094,189.2682,393.2174,87.4533,163.0095,385.4867,125.3195,161.5853,414.1699
285b,294.9179,149.7594,418.9,301.0149,151.0726,392.3628,297.8021,191.3576,405.5993,276.3051,177.3436,421.1516,295.4891,147.5601,403.6397,295.5599,193.8428,409.9568,305.3548,163.6716,395.4375,268.8041,166.6305,422.7096
286a,129.8568,144.5477,405.4572,132.9434,144.2394,383.1697,147.1418,172.3609,387.3922,158.1574,158.175,412.0946,136.2264,136.2029,409.5518,152.703,175.1967,392.2937,132.8396,149.1797,384.7177,159.5606,154.1382,415.0016
286b,279.6118,128.8571,422.5634,289.8301,132.3956,394.9851,284.1128,162.954,399.7136,265.3603,154.6111,422.0398,277.1458,123.642,416.7324,275.5899,169.3225,409.4672,291.5792,136.3713,396.9077,258.5482,144.4184,426.6974
287a,134.3937,182.8867,417.0787,140.8709,194.5511,389.2898,153.5407,222.2811,406.0967,159.3549,199.9181,426.7152,138.7923,175.4453,409.1084,156.0695,228.2583,419.234,141.7072,195.9505,388.3949,158.4498,189.6051,428.3937
287b,269.6873,144.6628,394.1808,257.9902,153.6989,365.4343,255.5997,182.6479,377.3761,247.8614,170.4982,401.878,262.5943,137.5514,391.4572,255.5176,192.7193,389.7883,263.3959,155.5221,366.5301,243.1736,154.6779,406.1758
288a,125.2154,149.2012,410.6286,126.6457,154.5749,384.6465,143.5854,187.2925,391.0078,157.6359,168.8114,416.2588,127.5144,145.1024,410.6121,149.1821,192.5571,399.5854,127.2785,166.7158,387.696,157.8857,158.4168,419.4073
288b,277.1342,148.7084,425.8206,279.808,153.9868,402.3438,266.2135,190.1055,407.3073,244.9781,172.9268,427.6505,276.2488,145.3635,424.0084,256.5727,195.7705,417.3327,278.1912,172.5907,406.857,243.5742,161.454,428.8656
290a,119.4707,152.7102,402.9203,125.9624,155.4228,379.6176,138.743,195.9416,394.9524,147.4677,176.602,411.2401,121.3309,142.3419,402.5345,139.5096,197.4073,398.2419,124.2936,167.8716,382.4756,148.2297,162.0743,411.7446
290b,269.0663,145.8661,411.7897,266.9583,150.0645,384.5217,249.7033,186.3713,394.6966,238.7454,170.5095,413.5883,266.0086,135.5118,409.3534,246.0947,189.5638,402.2142,269.0907,153.6537,386.3152,235.8085,148.65,419.5799
291a,150.0667,184.5671,419.2549,156.7421,196.254,399.4402,176.3631,216.3952,410.7465,184.8108,195.6936,432.7838,151.1898,179.0793,418.7183,182.8318,215.9091,427.9182,157.8499,196.0312,398.7809,182.4164,178.7379,431.6835
291b,269.1031,166.2695,422.584,264.5618,182.9028,402.6873,254.6236,202.7179,410.9827,239.4756,185.6252,436.8836,267.4839,163.5155,421.3655,247.1861,207.2652,432.609,266.9016,184.7027,404.1411,236.5557,170.0372,436.2888
292a,125.305,157.436,407.0248,128.7045,151.626,382.0312,146.5211,192.608,397.4625,155.4787,179.0281,417.0144,136.1517,142.2998,408.9801,146.2019,196.2355,400.8453,125.59,161.421,385.2851,158.3906,159.7215,418.8617
292b,295.528,138.4352,416.8495,301.455,135.6053,392.9056,287.9369,179.4672,404.498,274.1702,168.9925,423.3987,282.2814,127.3515,416.7498,287.9492,181.668,407.5945,303.4925,144.334,397.1216,266.4617,151.153,423.9185
293a,141.2351,164.319,397.3128,141.6727,161.6562,378.4607,162.7168,195.2548,383.6432,170.4592,179.9278,404.4775,139.8356,157.6548,388.7135,164.3935,197.8878,387.1011,146.1633,179.5655,378.1122,168.3137,171.7012,407.7599
293b,253.4211,158.0214,402.6714,254.1412,158.7048,378.4426,235.7415,193.1088,380.8097,224.1386,180.1305,401.283,249.2071,153.6649,402.2759,231.6336,196.8451,386.5839,252.129,173.2442,378.5196,223.3728,162.3778,407.7181
294a,128.1653,164.8874,416.2379,133.8161,166.8266,388.0216,150.6097,202.9009,399.119,160.314,186.0165,417.9214,132.0657,159.1097,416.2061,154.7053,207.994,404.5913,131.8608,173.827,390.8355,161.9135,171.7078,422.3317
294b,283.4615,113.1163,411.461,282.4632,118.0083,383.3901,281.0248,157.753,392.1956,267.4404,152.3196,411.745,282.707,109.6095,404.1631,280.2014,166.1458,402.4609,285.9417,126.2669,385.4077,260.334,138.6335,416.0859
295a,146.3403,154.6678,423.5486,140.5572,162.2677,395.4604,159.8937,189.1598,404.0479,170.3049,170.6869,422.5646,145.527,151.3305,412.0179,168.6749,191.8723,411.2961,140.5449,168.962,396.2984,172.1452,155.5561,425.686
295b,274.0305,125.0375,409.6075,283.0476,124.172,379.5964,280.1321,158.8956,387.1831,264.9424,155.8669,409.2738,275.8699,118.446,396.8652,274.1221,167.1513,395.3055,287.19,134.1142,384.541,258.3675,142.9109,411.6502
296a,130.007,170.0456,423.5354,132.6857,178.4529,398.0804,144.7082,210.0118,418.4268,156.6732,187.7227,431.0977,138.3453,162.8452,418.9791,149.0943,212.3443,425.64,128.4651,181.9212,400.1251,161.1405,172.0895,431.8104
296b,276.5863,152.0805,413.6512,278.269,157.5011,389.3133,268.5842,193.3839,402.8807,254.4059,186.2507,420.3248,276.3488,149.357,407.9395,265.9259,197.123,407.8659,278.2299,165.1482,391.9857,248.2327,165.8219,420.3684
297a,136.6128,161.1192,416.4381,144.7729,170.5618,389.3244,157.0132,192.8461,399.9745,165.6291,176.4286,418.9414,136.7025,156.7249,414.4712,165.7375,194.6475,409.1865,142.7841,178.7097,394.7402,164.4413,166.8067,421.8626
297b,271.3901,150.6617,415.3004,267.6302,157.4751,389.5544,256.8811,183.9802,398.6669,246.5582,171.0896,420.5549,268.4948,142.6128,414.4613,248.2989,187.4887,410.708,269.7132,163.2726,391.5627,241.8988,156.3976,423.0144
298a,152.2217,170.124,396.1191,163.5182,169.5103,371.4639,175.9538,199.5728,387.8794,179.1985,181.4908,408.7962,161.7355,157.3427,395.1266,180.0943,205.3742,397.5044,161.0509,175.9149,373.2739,179.1602,167.6876,412.6226
298b,277.3229,147.786,409.1099,274.5128,146.8693,377.3372,266.1023,182.8992,387.5024,253.3195,171.5033,408.4898,278.0896,142.6798,394.4943,261.1168,189.421,396.892,278.2882,154.4925,380.0144,249.8915,159.2889,410.1332
299a,167.1414,170.1815,409.5569,174.873,183.819,384.81,190.749,203.6813,399.6278,191.8919,180.2744,423.8535,169.5806,166.0283,407.1212,195.8111,203.6302,415.5102,174.1889,188.2619,385.8054,189.8221,171.037,425.2431
299b,266.4766,158.6838,415.9668,267.6226,173.0614,390.6233,260.8755,194.5067,403.0513,246.948,183.2796,428.1436,267.155,162.9323,403.3419,253.2395,201.727,418.2308,267.79,175.3143,391.5527,242.1369,166.618,430.6488
300a,163.1586,161.0304,405.5175,161.7331,171.514,375.2869,181.8602,192.5271,387.142,184.4075,170.8732,412.6028,162.4173,154.321,399.9965,189.271,194.1954,400.4112,160.9479,172.0084,375.9891,183.5882,166.9108,414.2821
300b,255.2195,152.7949,404.6649,255.9839,166.7985,376.2411,240.372,192.243,388.1746,229.9957,173.0575,412.0192,255.299,150.7548,393.1458,233.7142,193.5233,400.0087,256.7301,166.743,376.7448,230.2038,160.8508,415.5145
301a,138.1944,171.5686,414.6927,144.9171,177.0909,389.5849,165.65,202.3011,400.4741,168.7823,182.4239,417.0363,139.7313,162.8257,413.9958,167.349,204.9142,404.9899,143.4393,178.9997,390.4842,168.5979,173.7218,418.3784
301b,262.795,159.4226,418.9037,256.9786,168.0731,392.0407,237.5424,194.9984,402.5944,232.2005,177.5902,417.7364,260.7376,153.2061,417.9991,236.2793,198.5163,408.8133,260.0877,167.7485,393.2098,230.3702,169.7141,418.9306
302a,135.6402,169.1442,402.1279,143.5061,169.058,380.7808,155.0322,203.8039,398.4434,165.9359,185.4513,417.6333,140.7724,160.3058,398.4322,159.8515,207.0926,407.1407,138.0474,175.5232,385.1664,167.2155,171.1023,417.8874
302b,263.2263,172.7705,412.8087,262.5618,178.0983,390.8682,244.8353,212.1814,407.305,232.9794,194.6842,424.3337,258.1755,167.4044,409.0239,240.0948,215.785,415.3223,262.004,185.752,394.4164,230.0273,178.9043,425.3918
303a,139.0399,146.3838,412.4137,142.7806,151.11,394.0053,152.7617,178.5219,403.9749,163.4817,169.3437,418.2987,140.8961,143.8913,412.4034,154.6699,182.1248,407.1222,143.3267,153.3122,394.4536,163.4639,153.3965,420.7289
303b,264.6987,130.3869,408.3602,264.9485,132.3719,388.3985,259.0737,163.6662,397.0142,245.6541,157.5248,412.9281,264.7169,128.1082,400.5371,255.5062,173.1641,403.8396,268.3602,133.9866,389.1357,242.8608,144.0228,416.0656
304a,121.2769,150.0511,395.3036,131.4082,151.4372,371.9261,138.2336,183.1007,379.908,148.0073,166.1086,406.0057,126.4188,139.1111,398.8968,138.8705,184.7911,381.1201,127.3435,157.5149,372.9438,149.4061,157.3187,410.2891
304b,250.0119,169.9253,407.138,246.012,171.1147,383.6166,226.477,201.046,394.0909,217.0682,181.7335,417.8687,249.9962,164.5529,401.7768,224.2082,200.6608,395.9284,242.6255,173.7415,382.6619,217.5975,169.2646,419.6523
305a,132.1409,166.6826,437.6595,134.1207,179.0982,415.7224,152.4576,202.269,427.065,163.0354,179.9552,441.863,133.909,161.0654,437.0256,161.1859,202.2164,434.6136,133.7141,181.3715,417.0744,165.098,168.2908,441.1151
305b,281.5991,140.8032,436.4467,289.829,155.6725,414.456,274.2196,183.6443,425.1877,258.2145,167.1691,441.8193,279.5761,138.2121,434.5077,266.0844,185.0627,435.9685,290.2437,161.3901,416.8556,253.0944,155.1169,441.1594
306a,121.7009,181.798,402.1089,134.3514,183.1067,380.6458,148.009,218.3613,399.3975,154.7036,201.4682,414.1015,126.5666,171.3392,403.1466,153.8438,223.9211,407.8345,128.8783,193.4624,386.3848,154.6003,185.881,415.4924
306b,292.2025,139.7712,405.9816,286.2801,147.059,382.17,281.6296,186.5066,401.9174,271.7159,172.7164,417.2654,287.9159,134.0413,404.4378,281.435,189.8822,406.1944,291.9319,155.2384,386.836,265.938,158.1742,418.2353
307a,121.7135,143.1009,394.9003,128.577,146.0129,370.4104,134.9774,180.168,383.7005,142.5913,164.1949,401.6448,135.7756,132.6088,395.5605,136.267,185.0986,389.7652,124.4126,148.3792,370.1999,143.9899,157.801,404.1302
307b,274.4184,166.1507,415.9545,275.3802,167.4729,388.7555,262.152,200.4751,399.8001,250.9796,183.9945,416.7346,276.1307,162.3659,399.0831,254.4288,207.8326,408.5645,277.8984,170.4066,390.3339,247.6984,173.6388,419.8284
308a,123.5121,173.0614,412.7177,134.3977,184.8696,380.2699,145.3856,215.4763,397.7962,152.6967,193.053,422.788,126.8596,164.6416,412.0291,150.2224,215.9931,404.1302,131.0812,186.2475,381.1334,154.2734,175.4619,423.6895
308b,274.6548,164.2418,415.2513,270.9396,175.4065,380.4754,260.1322,206.8842,397.1021,247.7454,183.5829,419.2651,274.373,158.4389,414.2318,252.0253,206.3614,410.0229,274.1033,176.7623,381.0084,244.6052,170.2641,420.4543
309a,138.2797,149.0762,399.2379,144.5872,154.4038,378.7329,159.0087,180.4845,392.6459,164.7728,160.9133,414.8738,142.0063,141.2716,401.9134,161.9366,184.481,398.9102,143.0371,156.7832,379.5521,167.2141,149.8589,419.1712
309b,261.711,152.2082,410.655,258.485,161.0822,386.2338,245.9085,186.6542,395.8088,233.5581,173.7179,419.7771,260.0105,148.2797,405.4695,238.2479,191.1793,406.3866,260.2636,161.2101,386.9377,233.3076,159.8954,421.8968
